id,description,category,subcategory,detail,n_stones,n_black,n_white,first_point,stones_go,sequence,derived_from,paper_notes,board_flat,rank_change,desc_2007a,stones_2007a,board_flat_2007a
1b,4-4 hoshi,apertura,hoshi,4-4,1,1,0,D6,B:D6,1.B:D6,,The 4-4 star point remains most frequent.,"0,0,0,0,0,0,0,0,0,0,0,0,0,0,0,0,0,0,0,0,0,0,0,0,0,0,0,0,0,0,-1,0,0,0,0,0,0,0,0,0,0,0,0,0,0,0,0,0,0,0,0,0,0,0,0,0,0,0,0,0,0,0,0,0,0,0,0,0,0,0,0,0,0,0,0,0,0,0,0,0,0",estable,"Hoshi 4-4 — sin cambio, sigue siendo el mas frecuente",B:D6,"0,0,0,0,0,0,0,0,0,0,0,0,0,0,0,0,0,0,0,0,0,0,0,0,0,0,0,0,0,0,-1,0,0,0,0,0,0,0,0,0,0,0,0,0,0,0,0,0,0,0,0,0,0,0,0,0,0,0,0,0,0,0,0,0,0,0,0,0,0,0,0,0,0,0,0,0,0,0,0,0,0"
2b,3-4 komoku,apertura,komoku,3-4,1,1,0,D7,B:D7,1.B:D7,,Komoku (3-4) also remains as second most frequent pattern.,"0,0,0,0,0,0,0,0,0,0,0,0,0,0,0,0,0,0,0,0,0,-1,0,0,0,0,0,0,0,0,0,0,0,0,0,0,0,0,0,0,0,0,0,0,0,0,0,0,0,0,0,0,0,0,0,0,0,0,0,0,0,0,0,0,0,0,0,0,0,0,0,0,0,0,0,0,0,0,0,0,0",estable,"Komoku 3-4 — sin cambio, sigue siendo el 2do mas frecuente",B:D7,"0,0,0,0,0,0,0,0,0,0,0,0,0,0,0,0,0,0,0,0,0,-1,0,0,0,0,0,0,0,0,0,0,0,0,0,0,0,0,0,0,0,0,0,0,0,0,0,0,0,0,0,0,0,0,0,0,0,0,0,0,0,0,0,0,0,0,0,0,0,0,0,0,0,0,0,0,0,0,0,0,0"
3b,Approach bajo a 3-4,approach,bajo a komoku,keima,2,1,1,D7,B:F6  W:D7,1.W:D7  2.B:F6,,A low approach to a 3-4 point is nowadays more urgent than both a low approach to 4-4 (pattern 3a) and a high approach to a 3-4 (pattern 4a).,"0,0,0,0,0,0,0,0,0,0,0,0,0,0,0,0,0,0,0,0,0,1,0,0,0,0,0,0,0,0,0,0,-1,0,0,0,0,0,0,0,0,0,0,0,0,0,0,0,0,0,0,0,0,0,0,0,0,0,0,0,0,0,0,0,0,0,0,0,0,0,0,0,0,0,0,0,0,0,0,0,0",descendio,Approach bajo a 4-4 hoshi (en 2025 sustituido por approach bajo a 3-4),B:F6  W:D6,"0,0,0,0,0,0,0,0,0,0,0,0,0,0,0,0,0,0,0,0,0,0,0,0,0,0,0,0,0,0,1,0,-1,0,0,0,0,0,0,0,0,0,0,0,0,0,0,0,0,0,0,0,0,0,0,0,0,0,0,0,0,0,0,0,0,0,0,0,0,0,0,0,0,0,0,0,0,0,0,0,0"
4b,Invasion san-san (3-3) a hoshi,invasion,san-san a hoshi,3-3,2,1,1,D6,B:C7  W:D6,1.W:D6  2.B:C7,,A san-san invasion is more urgent than a high approach to an opponent's komoku.,"0,0,0,0,0,0,0,0,0,0,0,0,0,0,0,0,0,0,0,0,-1,0,0,0,0,0,0,0,0,0,1,0,0,0,0,0,0,0,0,0,0,0,0,0,0,0,0,0,0,0,0,0,0,0,0,0,0,0,0,0,0,0,0,0,0,0,0,0,0,0,0,0,0,0,0,0,0,0,0,0,0",descendio,Approach alto a komoku — superado por invasion san-san (mismo que 11b en 2025),B:E5  W:D7,"0,0,0,0,0,0,0,0,0,0,0,0,0,0,0,0,0,0,0,0,0,1,0,0,0,0,0,0,0,0,0,0,0,0,0,0,0,0,0,0,-1,0,0,0,0,0,0,0,0,0,0,0,0,0,0,0,0,0,0,0,0,0,0,0,0,0,0,0,0,0,0,0,0,0,0,0,0,0,0,0,0"
5b,Joseki san-san — invader en gote,joseki,san-san gote,5 jugadas,5,2,3,D6,"B:C7,B6  W:D6,C6,B7",1.W:D6  2.B:C7  3.W:C6  4.W:B7  5.B:B6,4b,"This standard sequence after a san-san invasion leaves the invader in gote, suggesting the invaded stone may reply with tennuki before extending.","0,0,0,0,0,0,0,0,0,0,0,0,0,0,0,0,0,0,0,1,-1,0,0,0,0,0,0,0,-1,1,1,0,0,0,0,0,0,0,0,0,0,0,0,0,0,0,0,0,0,0,0,0,0,0,0,0,0,0,0,0,0,0,0,0,0,0,0,0,0,0,0,0,0,0,0,0,0,0,0,0,0",ampliado,"Invasion san-san a hoshi (2007: solo inicio, 2025: joseki completo de 5 jugadas)",B:C7  W:D6,"0,0,0,0,0,0,0,0,0,0,0,0,0,0,0,0,0,0,0,0,-1,0,0,0,0,0,0,0,0,0,1,0,0,0,0,0,0,0,0,0,0,0,0,0,0,0,0,0,0,0,0,0,0,0,0,0,0,0,0,0,0,0,0,0,0,0,0,0,0,0,0,0,0,0,0,0,0,0,0,0,0"
6b,Extension blanca tras joseki,joseki,extension,6 jugadas,6,2,4,D6,"B:C7,B6  W:D6,C6,B7,C5",1.W:D6  2.B:C7  3.W:C6  4.W:B7  5.B:B6  6.W:C5,5b,"Once white extends, it is less likely that black will tennuki, considering the result of pattern 5b.","0,0,0,0,0,0,0,0,0,0,0,0,0,0,0,0,0,0,0,1,-1,0,0,0,0,0,0,0,-1,1,1,0,0,0,0,0,0,0,1,0,0,0,0,0,0,0,0,0,0,0,0,0,0,0,0,0,0,0,0,0,0,0,0,0,0,0,0,0,0,0,0,0,0,0,0,0,0,0,0,0,0",nuevo,Approach a cercado 4-4 (en 2025 vease patron 8b),"B:D6,F7  W:G6","0,0,0,0,0,0,0,0,0,0,0,0,0,0,0,0,0,0,0,0,0,0,0,-1,0,0,0,0,0,0,-1,0,0,1,0,0,0,0,0,0,0,0,0,0,0,0,0,0,0,0,0,0,0,0,0,0,0,0,0,0,0,0,0,0,0,0,0,0,0,0,0,0,0,0,0,0,0,0,0,0,0"
7b,Approach bajo a 4-4,approach,bajo a hoshi,kosumi,2,1,1,D6,B:F5  W:D6,1.W:D6  2.B:F5,,"A low approach to the 4-4 is now less frequent than a san-san invasion, see pattern 5a.","0,0,0,0,0,0,0,0,0,0,0,0,0,0,0,0,0,0,0,0,0,0,0,0,0,0,0,0,0,0,1,0,0,0,0,0,0,0,0,0,0,-1,0,0,0,0,0,0,0,0,0,0,0,0,0,0,0,0,0,0,0,0,0,0,0,0,0,0,0,0,0,0,0,0,0,0,0,0,0,0,0",estable,"Approach bajo a 4-4, keima oblicuo — permanece en rango 7, menos frecuente vs san-san",B:F5  W:D6,"0,0,0,0,0,0,0,0,0,0,0,0,0,0,0,0,0,0,0,0,0,0,0,0,0,0,0,0,0,0,1,0,0,0,0,0,0,0,0,0,0,-1,0,0,0,0,0,0,0,0,0,0,0,0,0,0,0,0,0,0,0,0,0,0,0,0,0,0,0,0,0,0,0,0,0,0,0,0,0,0,0"
8b,Approach a cercado desde 4-4,approach,a cercado 4-4,3 piedras,3,2,1,D6,"B:D6,F7  W:G5",1.B:D6  2.B:F7  3.W:G5,,"This approach resembles the joseki pattern in 6a but is actually a low approach to the opponent's enclosure from the 4-4 point. The fact that this enclosure pattern does not appear without the approach, suggests this move follows most of the time.","0,0,0,0,0,0,0,0,0,0,0,0,0,0,0,0,0,0,0,0,0,0,0,-1,0,0,0,0,0,0,-1,0,0,0,0,0,0,0,0,0,0,0,1,0,0,0,0,0,0,0,0,0,0,0,0,0,0,0,0,0,0,0,0,0,0,0,0,0,0,0,0,0,0,0,0,0,0,0,0,0,0",nuevo,"Patron en rango 8 (2007) — 8b actual ""se asemeja al joseki 6a""",?,?
9b,Joseki san-san — variante,joseki,san-san var A,5 jugadas,5,2,3,D6,"B:C7,C8  W:D6,C6,B7",1.W:D6  2.B:C7  3.W:C6  4.W:B7  5.B:C8,5b,"A joseki continuation to pattern 5b, not as frequent.","0,0,0,0,0,0,0,0,0,0,0,-1,0,0,0,0,0,0,0,1,-1,0,0,0,0,0,0,0,0,1,1,0,0,0,0,0,0,0,0,0,0,0,0,0,0,0,0,0,0,0,0,0,0,0,0,0,0,0,0,0,0,0,0,0,0,0,0,0,0,0,0,0,0,0,0,0,0,0,0,0,0",nuevo,Joseki komoku+san-san (era rango 9 en 2007; descendio a rango 18 como 18b),"B:C7,D8  W:D7,C8","0,0,0,0,0,0,0,0,0,0,0,1,-1,0,0,0,0,0,0,0,-1,1,0,0,0,0,0,0,0,0,0,0,0,0,0,0,0,0,0,0,0,0,0,0,0,0,0,0,0,0,0,0,0,0,0,0,0,0,0,0,0,0,0,0,0,0,0,0,0,0,0,0,0,0,0,0,0,0,0,0,0"
10b,Salto doble desde komoku (cercado),enclosure,moyo komoku,salto doble,2,2,0,D7,"B:D7,F7",1.B:D7  2.B:F7,2b,Two space jump from komoku appears as the most urgent form of enclosing a corner.,"0,0,0,0,0,0,0,0,0,0,0,0,0,0,0,0,0,0,0,0,0,-1,0,-1,0,0,0,0,0,0,0,0,0,0,0,0,0,0,0,0,0,0,0,0,0,0,0,0,0,0,0,0,0,0,0,0,0,0,0,0,0,0,0,0,0,0,0,0,0,0,0,0,0,0,0,0,0,0,0,0,0",ascendio,Salto simple desde komoku (en era IA el salto doble 10b es preferido),"B:D7,E7","0,0,0,0,0,0,0,0,0,0,0,0,0,0,0,0,0,0,0,0,0,-1,-1,0,0,0,0,0,0,0,0,0,0,0,0,0,0,0,0,0,0,0,0,0,0,0,0,0,0,0,0,0,0,0,0,0,0,0,0,0,0,0,0,0,0,0,0,0,0,0,0,0,0,0,0,0,0,0,0,0,0"
11b,Approach alto a komoku,approach,alto a komoku,4ta linea,2,1,1,D7,B:E5  W:D7,1.W:D7  2.B:E5,2b,A high approach to komoku descends from 4th to 11th most frequent pattern.,"0,0,0,0,0,0,0,0,0,0,0,0,0,0,0,0,0,0,0,0,0,1,0,0,0,0,0,0,0,0,0,0,0,0,0,0,0,0,0,0,-1,0,0,0,0,0,0,0,0,0,0,0,0,0,0,0,0,0,0,0,0,0,0,0,0,0,0,0,0,0,0,0,0,0,0,0,0,0,0,0,0",nuevo,Patron desconocido en rango 11 del 2007 (approach alto era rango 4 como 4a),?,?
12b,Joseki san-san — 6 jugadas,joseki,san-san + kosumi,6 jugadas,6,2,4,D6,"B:C7,B6  W:D6,C6,B7,D8",1.W:D6  2.B:C7  3.W:C6  4.W:B7  5.B:B6  6.W:D8,5b,"Another continuation from pattern 5b precedes its subsequent joseki moves in patterns 14b, 15b and 17b.","0,0,0,0,0,0,0,0,0,0,0,0,1,0,0,0,0,0,0,1,-1,0,0,0,0,0,0,0,-1,1,1,0,0,0,0,0,0,0,0,0,0,0,0,0,0,0,0,0,0,0,0,0,0,0,0,0,0,0,0,0,0,0,0,0,0,0,0,0,0,0,0,0,0,0,0,0,0,0,0,0,0",nuevo,Variante joseki en rango 12 del 2007 (incierto),?,?
13b,Approach bajo desde 5ta linea a 4-4,approach,bajo 5ta linea,a hoshi,2,1,1,D6,B:E4  W:D6,1.W:D6  2.B:E4,,"This move is now less frequent, see pattern 7a.","0,0,0,0,0,0,0,0,0,0,0,0,0,0,0,0,0,0,0,0,0,0,0,0,0,0,0,0,0,0,1,0,0,0,0,0,0,0,0,0,0,0,0,0,0,0,0,0,0,-1,0,0,0,0,0,0,0,0,0,0,0,0,0,0,0,0,0,0,0,0,0,0,0,0,0,0,0,0,0,0,0",descendio,Approach bajo 5ta linea a 4-4 (ver patron 7a) — ahora menos frecuente,B:F5  W:D6,"0,0,0,0,0,0,0,0,0,0,0,0,0,0,0,0,0,0,0,0,0,0,0,0,0,0,0,0,0,0,1,0,0,0,0,0,0,0,0,0,0,-1,0,0,0,0,0,0,0,0,0,0,0,0,0,0,0,0,0,0,0,0,0,0,0,0,0,0,0,0,0,0,0,0,0,0,0,0,0,0,0"
14b,San-san joseki + extension 3ra linea,joseki,extension larga,7 jugadas,7,2,5,D6,"B:C7,B6  W:D6,C6,B7,C5,C4",1.W:D6  2.B:C7  3.W:C6  4.W:B7  5.B:B6  6.W:C5  7.W:C4,12b,"This joseki pattern naturally appears after a san-san invasion, but an extension from white's stone in the third line is not always the immediate follow-up, suggesting white's tennuki.","0,0,0,0,0,0,0,0,0,0,0,0,0,0,0,0,0,0,0,1,-1,0,0,0,0,0,0,0,-1,1,1,0,0,0,0,0,0,0,1,0,0,0,0,0,0,0,0,1,0,0,0,0,0,0,0,0,0,0,0,0,0,0,0,0,0,0,0,0,0,0,0,0,0,0,0,0,0,0,0,0,0",nuevo,"Joseki san-san + extension (rango 14 en 2007, version menos desarrollada)",?,?
15b,San-san joseki — hane blanco,joseki,hane blanco,5 jugadas,5,2,3,D6,"B:C7,D8  W:D6,D7,C8",1.W:D6  2.B:C7  3.W:D7  4.B:D8  5.W:C8,12b,"Though less frequent, this sequence from san-san invasion joseki also suggests white's tennuki, instead of following up with hane as in pattern 14b.","0,0,0,0,0,0,0,0,0,0,0,1,-1,0,0,0,0,0,0,0,-1,1,0,0,0,0,0,0,0,0,1,0,0,0,0,0,0,0,0,0,0,0,0,0,0,0,0,0,0,0,0,0,0,0,0,0,0,0,0,0,0,0,0,0,0,0,0,0,0,0,0,0,0,0,0,0,0,0,0,0,0",descendio,"Joseki san-san hane — rango 15 en 2007, menos frecuente que 14b",?,?
16b,Approach a cercado (menos frecuente),approach,a cercado alt,3 piedras,3,2,1,D6,"B:D6,F7  W:H6",1.B:D6  2.B:F7  3.W:H6,8b,"This pattern has become less frequent, see 8a.","0,0,0,0,0,0,0,0,0,0,0,0,0,0,0,0,0,0,0,0,0,0,0,-1,0,0,0,0,0,0,-1,0,0,0,1,0,0,0,0,0,0,0,0,0,0,0,0,0,0,0,0,0,0,0,0,0,0,0,0,0,0,0,0,0,0,0,0,0,0,0,0,0,0,0,0,0,0,0,0,0,0",descendio,"Approach a cercado alternativo (rango 16, ver patron 8a del 2007)",?,?
17b,Tras hane blanco en joseki,joseki,hane + respuesta,6 jugadas,6,3,3,D6,"B:C7,D8,E8  W:D6,D7,C8",1.W:D6  2.B:C7  3.W:D7  4.B:D8  5.W:C8  6.B:E8,12b,"Similarly to pattern 14b, this sequence suggests black's tennuki immediately after white's hane.","0,0,0,0,0,0,0,0,0,0,0,1,-1,-1,0,0,0,0,0,0,-1,1,0,0,0,0,0,0,0,0,1,0,0,0,0,0,0,0,0,0,0,0,0,0,0,0,0,0,0,0,0,0,0,0,0,0,0,0,0,0,0,0,0,0,0,0,0,0,0,0,0,0,0,0,0,0,0,0,0,0,0",nuevo,Hane+respuesta en joseki san-san — rango 17 en 2007,?,?
18b,Joseki menos frecuente en juego moderno,joseki,raro moderno,4 jugadas,4,2,2,D7,"B:C7,D8  W:D7,C8",1.W:D7  2.B:C7  3.B:D8  4.W:C8,9b,"This joseki pattern is less frequent in modern play, see 9a.","0,0,0,0,0,0,0,0,0,0,0,1,-1,0,0,0,0,0,0,0,-1,1,0,0,0,0,0,0,0,0,0,0,0,0,0,0,0,0,0,0,0,0,0,0,0,0,0,0,0,0,0,0,0,0,0,0,0,0,0,0,0,0,0,0,0,0,0,0,0,0,0,0,0,0,0,0,0,0,0,0,0",descendio,"Joseki komoku+san-san en rango 18 (era rango 9 como 9a, ahora menos frecuente)","B:C7,D8  W:D7,C8","0,0,0,0,0,0,0,0,0,0,0,1,-1,0,0,0,0,0,0,0,-1,1,0,0,0,0,0,0,0,0,0,0,0,0,0,0,0,0,0,0,0,0,0,0,0,0,0,0,0,0,0,0,0,0,0,0,0,0,0,0,0,0,0,0,0,0,0,0,0,0,0,0,0,0,0,0,0,0,0,0,0"
19b,Continuation de joseki (patron 9b),joseki,san-san var B,6 jugadas,6,3,3,D6,"B:C7,C8,D7  W:D6,C6,B7",1.W:D6  2.B:C7  3.W:C6  4.W:B7  5.B:C8  6.B:D7,9b,Another continuation from pattern 9b.,"0,0,0,0,0,0,0,0,0,0,0,-1,0,0,0,0,0,0,0,1,-1,-1,0,0,0,0,0,0,0,1,1,0,0,0,0,0,0,0,0,0,0,0,0,0,0,0,0,0,0,0,0,0,0,0,0,0,0,0,0,0,0,0,0,0,0,0,0,0,0,0,0,0,0,0,0,0,0,0,0,0,0",nuevo,Continuacion joseki komoku+san-san — rango 19 en 2007,?,?
