length,rank,count,pct,sequence,short
1,1,1652,54.63,B:Q16,Q16
1,2,1321,43.68,B:R16,R16
1,3,22,0.73,B:R17,R17
1,4,7,0.23,B:D16,D16
1,5,7,0.23,B:Q3,Q3
1,6,6,0.2,B:Q4,Q4
1,7,3,0.1,W:D17,D17
1,8,2,0.07,B:D17,D17
1,9,2,0.07,B:C4,C4
1,10,1,0.03,B:Q17,Q17
1,11,1,0.03,B:R15,R15
2,1,835,27.61,B:Q16|W:D4,Q16·D4
2,2,578,19.11,B:Q16|W:D16,Q16·D16
2,3,532,17.59,B:R16|W:D16,R16·D16
2,4,350,11.57,B:R16|W:D4,R16·D4
2,5,222,7.34,B:R16|W:D17,R16·D17
2,6,171,5.65,B:R16|W:Q4,R16·Q4
2,7,105,3.47,B:Q16|W:D17,Q16·D17
2,8,38,1.26,B:Q16|W:Q4,Q16·Q4
2,9,31,1.03,B:Q16|W:C4,Q16·C4
2,10,25,0.83,B:Q16|W:C17,Q16·C17
2,11,22,0.73,B:Q16|W:C3,Q16·C3
2,12,19,0.63,B:R16|W:C4,R16·C4
2,13,17,0.56,B:R17|W:D4,R17·D4
2,14,11,0.36,B:Q16|W:R4,Q16·R4
2,15,6,0.2,B:R16|W:C3,R16·C3
2,16,5,0.17,B:D16|W:D4,D16·D4
2,17,5,0.17,B:Q3|W:D4,Q3·D4
2,18,5,0.17,B:R16|W:C17,R16·C17
2,19,5,0.17,B:R16|W:R4,R16·R4
2,20,4,0.13,B:R17|W:D16,R17·D16
3,1,378,12.5,B:R16|W:D16|B:Q3,R16·D16·Q3
3,2,345,11.41,B:Q16|W:D4|B:Q3,Q16·D4·Q3
3,3,222,7.34,B:Q16|W:D4|B:Q4,Q16·D4·Q4
3,4,217,7.18,B:Q16|W:D16|B:Q3,Q16·D16·Q3
3,5,216,7.14,B:Q16|W:D4|B:R4,Q16·D4·R4
3,6,184,6.08,B:Q16|W:D16|B:R4,Q16·D16·R4
3,7,153,5.06,B:Q16|W:D16|B:Q4,Q16·D16·Q4
3,8,132,4.37,B:R16|W:D4|B:C16,R16·D4·C16
3,9,112,3.7,B:R16|W:D4|B:Q3,R16·D4·Q3
3,10,80,2.65,B:R16|W:D4|B:D17,R16·D4·D17
3,11,75,2.48,B:R16|W:Q4|B:D17,R16·Q4·D17
3,12,74,2.45,B:R16|W:D17|B:Q3,R16·D17·Q3
3,13,66,2.18,B:R16|W:Q4|B:C16,R16·Q4·C16
3,14,61,2.02,B:R16|W:D17|B:D4,R16·D17·D4
3,15,61,2.02,B:R16|W:D16|B:C4,R16·D16·C4
3,16,50,1.65,B:Q16|W:D4|B:C3,Q16·D4·C3
3,17,40,1.32,B:R16|W:D16|B:Q4,R16·D16·Q4
3,18,36,1.19,B:R16|W:D17|B:D3,R16·D17·D3
3,19,31,1.03,B:R16|W:D17|B:Q4,R16·D17·Q4
3,20,29,0.96,B:Q16|W:D17|B:Q3,Q16·D17·Q3
4,1,210,6.94,B:R16|W:D16|B:Q3|W:D4,R16·D16·Q3·D4
4,2,202,6.68,B:Q16|W:D4|B:Q3|W:D16,Q16·D4·Q3·D16
4,3,146,4.83,B:R16|W:D16|B:Q3|W:D3,R16·D16·Q3·D3
4,4,141,4.66,B:Q16|W:D4|B:Q3|W:D17,Q16·D4·Q3·D17
4,5,126,4.17,B:Q16|W:D4|B:Q4|W:D17,Q16·D4·Q4·D17
4,6,120,3.97,B:Q16|W:D16|B:Q3|W:D4,Q16·D16·Q3·D4
4,7,108,3.57,B:Q16|W:D4|B:R4|W:D16,Q16·D4·R4·D16
4,8,101,3.34,B:Q16|W:D4|B:R4|W:D17,Q16·D4·R4·D17
4,9,92,3.04,B:Q16|W:D16|B:R4|W:D3,Q16·D16·R4·D3
4,10,89,2.94,B:Q16|W:D4|B:Q4|W:D16,Q16·D4·Q4·D16
4,11,88,2.91,B:Q16|W:D16|B:Q3|W:D3,Q16·D16·Q3·D3
4,12,86,2.84,B:Q16|W:D16|B:R4|W:D4,Q16·D16·R4·D4
4,13,77,2.55,B:Q16|W:D16|B:Q4|W:D3,Q16·D16·Q4·D3
4,14,74,2.45,B:R16|W:D4|B:C16|W:R4,R16·D4·C16·R4
4,15,73,2.41,B:Q16|W:D16|B:Q4|W:D4,Q16·D16·Q4·D4
4,16,63,2.08,B:R16|W:Q4|B:D17|W:C4,R16·Q4·D17·C4
4,17,59,1.95,B:R16|W:D4|B:Q3|W:D17,R16·D4·Q3·D17
4,18,53,1.75,B:R16|W:D4|B:Q3|W:D16,R16·D4·Q3·D16
4,19,47,1.55,B:R16|W:Q4|B:C16|W:C4,R16·Q4·C16·C4
4,20,47,1.55,B:R16|W:D16|B:C4|W:Q4,R16·D16·C4·Q4
5,1,77,2.55,B:R16|W:D16|B:Q3|W:D4|B:O16,R16·D16·Q3·D4·O16
5,2,71,2.35,B:R16|W:D16|B:Q3|W:D4|B:P17,R16·D16·Q3·D4·P17
5,3,65,2.15,B:Q16|W:D4|B:Q3|W:D16|B:C3,Q16·D4·Q3·D16·C3
5,4,61,2.02,B:Q16|W:D4|B:Q4|W:D17|B:C15,Q16·D4·Q4·D17·C15
5,5,55,1.82,B:R16|W:D16|B:Q3|W:D3|B:O16,R16·D16·Q3·D3·O16
5,6,55,1.82,B:Q16|W:D4|B:R4|W:D16|B:P4,Q16·D4·R4·D16·P4
5,7,50,1.65,B:Q16|W:D4|B:Q3|W:D17|B:C15,Q16·D4·Q3·D17·C15
5,8,50,1.65,B:Q16|W:D4|B:Q3|W:D17|B:C3,Q16·D4·Q3·D17·C3
5,9,46,1.52,B:R16|W:D17|B:D4|W:Q4|B:C15,R16·D17·D4·Q4·C15
5,10,42,1.39,B:Q16|W:D4|B:Q3|W:D16|B:O17,Q16·D4·Q3·D16·O17
5,11,41,1.36,B:Q16|W:D16|B:Q4|W:D4|B:C3,Q16·D16·Q4·D4·C3
5,12,41,1.36,B:Q16|W:D16|B:R4|W:D3|B:C5,Q16·D16·R4·D3·C5
5,13,41,1.36,B:Q16|W:D4|B:C3|W:D3|B:C4,Q16·D4·C3·D3·C4
5,14,41,1.36,B:Q16|W:D4|B:Q4|W:D17|B:C3,Q16·D4·Q4·D17·C3
5,15,39,1.29,B:Q16|W:D16|B:Q3|W:D4|B:C3,Q16·D16·Q3·D4·C3
5,16,39,1.29,B:Q16|W:D4|B:Q4|W:D16|B:C3,Q16·D4·Q4·D16·C3
5,17,39,1.29,B:Q16|W:D4|B:R4|W:D17|B:P4,Q16·D4·R4·D17·P4
5,18,38,1.26,B:Q16|W:D16|B:R4|W:D4|B:P4,Q16·D16·R4·D4·P4
5,19,37,1.22,B:Q16|W:D4|B:Q4|W:D16|B:F3,Q16·D4·Q4·D16·F3
5,20,37,1.22,B:R16|W:D16|B:Q3|W:D3|B:P17,R16·D16·Q3·D3·P17
6,1,59,1.95,B:Q16|W:D4|B:Q3|W:D16|B:C3|W:D3,Q16·D4·Q3·D16·C3·D3
6,2,55,1.82,B:R16|W:D16|B:Q3|W:D4|B:P17|W:R5,R16·D16·Q3·D4·P17·R5
6,3,40,1.32,B:R16|W:D16|B:Q3|W:D4|B:O16|W:Q5,R16·D16·Q3·D4·O16·Q5
6,4,37,1.22,B:Q16|W:D16|B:Q4|W:D4|B:C3|W:D3,Q16·D16·Q4·D4·C3·D3
6,5,37,1.22,B:R16|W:D16|B:Q3|W:D3|B:O16|W:R5,R16·D16·Q3·D3·O16·R5
6,6,37,1.22,B:R16|W:D16|B:Q3|W:D4|B:O16|W:R5,R16·D16·Q3·D4·O16·R5
6,7,35,1.16,B:Q16|W:D4|B:Q4|W:D16|B:C3|W:D3,Q16·D4·Q4·D16·C3·D3
6,8,35,1.16,B:Q16|W:D4|B:Q3|W:D16|B:O17|W:R5,Q16·D4·Q3·D16·O17·R5
6,9,34,1.12,B:Q16|W:D4|B:C3|W:D3|B:C4|W:D5,Q16·D4·C3·D3·C4·D5
6,10,34,1.12,B:R16|W:D16|B:Q3|W:D3|B:P17|W:R5,R16·D16·Q3·D3·P17·R5
6,11,32,1.06,B:Q16|W:D16|B:Q3|W:D4|B:C3|W:D3,Q16·D16·Q3·D4·C3·D3
6,12,32,1.06,B:R16|W:D4|B:C16|W:R4|B:O16|W:E17,R16·D4·C16·R4·O16·E17
6,13,31,1.03,B:R16|W:D16|B:C4|W:Q4|B:F3|W:P17,R16·D16·C4·Q4·F3·P17
6,14,29,0.96,B:Q16|W:D4|B:Q3|W:D17|B:C3|W:C4,Q16·D4·Q3·D17·C3·C4
6,15,29,0.96,B:Q16|W:D4|B:Q4|W:D17|B:C15|W:E16,Q16·D4·Q4·D17·C15·E16
6,16,28,0.93,B:Q16|W:D16|B:Q4|W:D3|B:C17|W:C16,Q16·D16·Q4·D3·C17·C16
6,17,27,0.89,B:Q16|W:D4|B:Q4|W:D17|B:C3|W:C4,Q16·D4·Q4·D17·C3·C4
6,18,24,0.79,B:R16|W:D16|B:Q3|W:D3|B:C17|W:C16,R16·D16·Q3·D3·C17·C16
6,19,23,0.76,B:Q16|W:D16|B:Q3|W:D4|B:O17|W:R5,Q16·D16·Q3·D4·O17·R5
6,20,23,0.76,B:R16|W:D17|B:D4|W:Q4|B:C15|W:P17,R16·D17·D4·Q4·C15·P17
7,1,59,1.95,B:Q16|W:D4|B:Q3|W:D16|B:C3|W:D3|B:C4,Q16·D4·Q3·D16·C3·D3·C4
7,2,40,1.32,B:R16|W:D16|B:Q3|W:D4|B:O16|W:Q5|B:R5,R16·D16·Q3·D4·O16·Q5·R5
7,3,37,1.22,B:Q16|W:D16|B:Q4|W:D4|B:C3|W:D3|B:C4,Q16·D16·Q4·D4·C3·D3·C4
7,4,35,1.16,B:Q16|W:D4|B:Q4|W:D16|B:C3|W:D3|B:C4,Q16·D4·Q4·D16·C3·D3·C4
7,5,33,1.09,B:R16|W:D16|B:Q3|W:D4|B:P17|W:R5|B:O4,R16·D16·Q3·D4·P17·R5·O4
7,6,32,1.06,B:Q16|W:D4|B:C3|W:D3|B:C4|W:D5|B:B6,Q16·D4·C3·D3·C4·D5·B6
7,7,32,1.06,B:Q16|W:D16|B:Q3|W:D4|B:C3|W:D3|B:C4,Q16·D16·Q3·D4·C3·D3·C4
7,8,29,0.96,B:Q16|W:D4|B:Q3|W:D17|B:C3|W:C4|B:D3,Q16·D4·Q3·D17·C3·C4·D3
7,9,28,0.93,B:Q16|W:D16|B:Q4|W:D3|B:C17|W:C16|B:D17,Q16·D16·Q4·D3·C17·C16·D17
7,10,27,0.89,B:Q16|W:D4|B:Q3|W:D16|B:O17|W:R5|B:O4,Q16·D4·Q3·D16·O17·R5·O4
7,11,27,0.89,B:Q16|W:D4|B:Q4|W:D17|B:C3|W:C4|B:D3,Q16·D4·Q4·D17·C3·C4·D3
7,12,25,0.83,B:R16|W:D16|B:C4|W:Q4|B:F3|W:P17|B:Q14,R16·D16·C4·Q4·F3·P17·Q14
7,13,24,0.79,B:R16|W:D16|B:Q3|W:D3|B:C17|W:C16|B:D17,R16·D16·Q3·D3·C17·C16·D17
7,14,22,0.73,B:R16|W:D16|B:Q3|W:D4|B:P17|W:R5|B:P4,R16·D16·Q3·D4·P17·R5·P4
7,15,22,0.73,B:R16|W:D16|B:Q3|W:D4|B:O16|W:R5|B:O4,R16·D16·Q3·D4·O16·R5·O4
7,16,21,0.69,B:Q16|W:D16|B:R4|W:D3|B:C5|W:C4|B:D5,Q16·D16·R4·D3·C5·C4·D5
7,17,21,0.69,B:Q16|W:D4|B:Q3|W:D17|B:C3|W:D3|B:C4,Q16·D4·Q3·D17·C3·D3·C4
7,18,19,0.63,B:Q16|W:D16|B:Q3|W:D4|B:O17|W:R5|B:O4,Q16·D16·Q3·D4·O17·R5·O4
7,19,19,0.63,B:Q16|W:D4|B:Q4|W:D17|B:C15|W:C16|B:D15,Q16·D4·Q4·D17·C15·C16·D15
7,20,18,0.6,B:Q16|W:D16|B:R4|W:D4|B:O4|W:R17|B:R16,Q16·D16·R4·D4·O4·R17·R16
8,1,52,1.72,B:Q16|W:D4|B:Q3|W:D16|B:C3|W:D3|B:C4|W:D5,Q16·D4·Q3·D16·C3·D3·C4·D5
8,2,40,1.32,B:R16|W:D16|B:Q3|W:D4|B:O16|W:Q5|B:R5|W:R6,R16·D16·Q3·D4·O16·Q5·R5·R6
8,3,35,1.16,B:Q16|W:D16|B:Q4|W:D4|B:C3|W:D3|B:C4|W:D5,Q16·D16·Q4·D4·C3·D3·C4·D5
8,4,31,1.03,B:Q16|W:D4|B:Q4|W:D16|B:C3|W:D3|B:C4|W:D5,Q16·D4·Q4·D16·C3·D3·C4·D5
8,5,28,0.93,B:Q16|W:D16|B:Q3|W:D4|B:C3|W:D3|B:C4|W:D5,Q16·D16·Q3·D4·C3·D3·C4·D5
8,6,27,0.89,B:R16|W:D16|B:Q3|W:D4|B:P17|W:R5|B:O4|W:O16,R16·D16·Q3·D4·P17·R5·O4·O16
8,7,23,0.76,B:R16|W:D16|B:Q3|W:D3|B:C17|W:C16|B:D17|W:E16,R16·D16·Q3·D3·C17·C16·D17·E16
8,8,23,0.76,B:Q16|W:D16|B:Q4|W:D3|B:C17|W:C16|B:D17|W:E16,Q16·D16·Q4·D3·C17·C16·D17·E16
8,9,22,0.73,B:Q16|W:D4|B:C3|W:D3|B:C4|W:D5|B:B6|W:D16,Q16·D4·C3·D3·C4·D5·B6·D16
8,10,22,0.73,B:Q16|W:D4|B:Q3|W:D17|B:C3|W:C4|B:D3|W:E4,Q16·D4·Q3·D17·C3·C4·D3·E4
8,11,22,0.73,B:R16|W:D16|B:Q3|W:D4|B:O16|W:R5|B:O4|W:Q9,R16·D16·Q3·D4·O16·R5·O4·Q9
8,12,21,0.69,B:Q16|W:D16|B:R4|W:D3|B:C5|W:C4|B:D5|W:F3,Q16·D16·R4·D3·C5·C4·D5·F3
8,13,19,0.63,B:Q16|W:D4|B:Q4|W:D17|B:C15|W:C16|B:D15|W:F17,Q16·D4·Q4·D17·C15·C16·D15·F17
8,14,19,0.63,B:Q16|W:D4|B:Q4|W:D17|B:C3|W:C4|B:D3|W:E4,Q16·D4·Q4·D17·C3·C4·D3·E4
8,15,18,0.6,B:Q16|W:D16|B:R4|W:D4|B:O4|W:R17|B:R16|W:Q17,Q16·D16·R4·D4·O4·R17·R16·Q17
8,16,18,0.6,B:Q16|W:D4|B:Q3|W:D17|B:C15|W:C16|B:D15|W:F17,Q16·D4·Q3·D17·C15·C16·D15·F17
8,17,17,0.56,B:Q16|W:D4|B:R4|W:D16|B:P4|W:R17|B:R16|W:Q17,Q16·D4·R4·D16·P4·R17·R16·Q17
8,18,16,0.53,B:R16|W:D16|B:Q3|W:D4|B:P17|W:R5|B:P4|W:R8,R16·D16·Q3·D4·P17·R5·P4·R8
8,19,16,0.53,B:R16|W:D16|B:Q3|W:D4|B:P17|W:Q5|B:R5|W:R6,R16·D16·Q3·D4·P17·Q5·R5·R6
8,20,16,0.53,B:Q16|W:D16|B:Q4|W:D3|B:C5|W:C4|B:D5|W:F3,Q16·D16·Q4·D3·C5·C4·D5·F3
9,1,47,1.55,B:Q16|W:D4|B:Q3|W:D16|B:C3|W:D3|B:C4|W:D5|B:B6,Q16·D4·Q3·D16·C3·D3·C4·D5·B6
9,2,40,1.32,B:R16|W:D16|B:Q3|W:D4|B:O16|W:Q5|B:R5|W:R6|B:R4,R16·D16·Q3·D4·O16·Q5·R5·R6·R4
9,3,33,1.09,B:Q16|W:D16|B:Q4|W:D4|B:C3|W:D3|B:C4|W:D5|B:B6,Q16·D16·Q4·D4·C3·D3·C4·D5·B6
9,4,27,0.89,B:Q16|W:D4|B:Q4|W:D16|B:C3|W:D3|B:C4|W:D5|B:B6,Q16·D4·Q4·D16·C3·D3·C4·D5·B6
9,5,23,0.76,B:R16|W:D16|B:Q3|W:D3|B:C17|W:C16|B:D17|W:E16|B:F18,R16·D16·Q3·D3·C17·C16·D17·E16·F18
9,6,21,0.69,B:Q16|W:D16|B:Q3|W:D4|B:C3|W:D3|B:C4|W:D5|B:B6,Q16·D16·Q3·D4·C3·D3·C4·D5·B6
9,7,18,0.6,B:Q16|W:D16|B:R4|W:D3|B:C5|W:C4|B:D5|W:F3|B:D9,Q16·D16·R4·D3·C5·C4·D5·F3·D9
9,8,18,0.6,B:Q16|W:D16|B:Q4|W:D3|B:C17|W:C16|B:D17|W:E16|B:F17,Q16·D16·Q4·D3·C17·C16·D17·E16·F17
9,9,17,0.56,B:Q16|W:D4|B:Q3|W:D17|B:C3|W:C4|B:D3|W:E4|B:F2,Q16·D4·Q3·D17·C3·C4·D3·E4·F2
9,10,16,0.53,B:Q16|W:D16|B:R4|W:D4|B:O4|W:R17|B:R16|W:Q17|B:O17,Q16·D16·R4·D4·O4·R17·R16·Q17·O17
9,11,16,0.53,B:R16|W:D16|B:Q3|W:D4|B:P17|W:Q5|B:R5|W:R6|B:R4,R16·D16·Q3·D4·P17·Q5·R5·R6·R4
9,12,16,0.53,B:Q16|W:D4|B:Q4|W:D17|B:C3|W:C4|B:D3|W:E4|B:F3,Q16·D4·Q4·D17·C3·C4·D3·E4·F3
9,13,15,0.5,B:Q16|W:D16|B:Q3|W:D3|B:C17|W:C16|B:D17|W:E16|B:F18,Q16·D16·Q3·D3·C17·C16·D17·E16·F18
9,14,15,0.5,B:R16|W:D17|B:D4|W:Q4|B:C15|W:P17|B:E16|W:E17|B:F16,R16·D17·D4·Q4·C15·P17·E16·E17·F16
9,15,14,0.46,B:Q16|W:D4|B:Q3|W:D17|B:C15|W:C16|B:D15|W:F17|B:D11,Q16·D4·Q3·D17·C15·C16·D15·F17·D11
9,16,13,0.43,B:Q16|W:D4|B:R4|W:D16|B:P4|W:R17|B:R16|W:Q17|B:O17,Q16·D4·R4·D16·P4·R17·R16·Q17·O17
9,17,13,0.43,B:R16|W:D16|B:Q3|W:D4|B:P17|W:R5|B:O4|W:O16|B:F17,R16·D16·Q3·D4·P17·R5·O4·O16·F17
9,18,12,0.4,B:Q16|W:D16|B:Q4|W:D3|B:C5|W:C4|B:D5|W:F3|B:D9,Q16·D16·Q4·D3·C5·C4·D5·F3·D9
9,19,12,0.4,B:Q16|W:D4|B:Q3|W:D17|B:C3|W:D3|B:C4|W:D5|B:B6,Q16·D4·Q3·D17·C3·D3·C4·D5·B6
9,20,11,0.36,B:R16|W:D4|B:D17|W:Q4|B:D14|W:P16|B:P17|W:O17|B:Q17,R16·D4·D17·Q4·D14·P16·P17·O17·Q17
10,1,40,1.32,B:R16|W:D16|B:Q3|W:D4|B:O16|W:Q5|B:R5|W:R6|B:R4|W:Q6,R16·D16·Q3·D4·O16·Q5·R5·R6·R4·Q6
10,2,26,0.86,B:Q16|W:D4|B:Q3|W:D16|B:C3|W:D3|B:C4|W:D5|B:B6|W:R17,Q16·D4·Q3·D16·C3·D3·C4·D5·B6·R17
10,3,25,0.83,B:Q16|W:D16|B:Q4|W:D4|B:C3|W:D3|B:C4|W:D5|B:B6|W:R17,Q16·D16·Q4·D4·C3·D3·C4·D5·B6·R17
10,4,24,0.79,B:Q16|W:D4|B:Q4|W:D16|B:C3|W:D3|B:C4|W:D5|B:B6|W:R17,Q16·D4·Q4·D16·C3·D3·C4·D5·B6·R17
10,5,18,0.6,B:Q16|W:D4|B:Q3|W:D16|B:C3|W:D3|B:C4|W:D5|B:B6|W:R5,Q16·D4·Q3·D16·C3·D3·C4·D5·B6·R5
10,6,17,0.56,B:R16|W:D16|B:Q3|W:D3|B:C17|W:C16|B:D17|W:E16|B:F18|W:P17,R16·D16·Q3·D3·C17·C16·D17·E16·F18·P17
10,7,15,0.5,B:Q16|W:D16|B:R4|W:D4|B:O4|W:R17|B:R16|W:Q17|B:O17|W:P17,Q16·D16·R4·D4·O4·R17·R16·Q17·O17·P17
10,8,15,0.5,B:Q16|W:D16|B:R4|W:D3|B:C5|W:C4|B:D5|W:F3|B:D9|W:P3,Q16·D16·R4·D3·C5·C4·D5·F3·D9·P3
10,9,15,0.5,B:R16|W:D17|B:D4|W:Q4|B:C15|W:P17|B:E16|W:E17|B:F16|W:G17,R16·D17·D4·Q4·C15·P17·E16·E17·F16·G17
10,10,14,0.46,B:Q16|W:D16|B:Q3|W:D4|B:C3|W:D3|B:C4|W:D5|B:B6|W:R17,Q16·D16·Q3·D4·C3·D3·C4·D5·B6·R17
10,11,13,0.43,B:R16|W:D16|B:Q3|W:D4|B:P17|W:R5|B:O4|W:O16|B:F17|W:H17,R16·D16·Q3·D4·P17·R5·O4·O16·F17·H17
10,12,13,0.43,B:R16|W:D16|B:Q3|W:D4|B:P17|W:Q5|B:R5|W:R6|B:R4|W:Q6,R16·D16·Q3·D4·P17·Q5·R5·R6·R4·Q6
10,13,11,0.36,B:R16|W:D4|B:D17|W:Q4|B:D14|W:P16|B:P17|W:O17|B:Q17|W:O16,R16·D4·D17·Q4·D14·P16·P17·O17·Q17·O16
10,14,11,0.36,B:Q16|W:D4|B:R4|W:D16|B:P4|W:R17|B:R16|W:Q17|B:O17|W:P17,Q16·D4·R4·D16·P4·R17·R16·Q17·O17·P17
10,15,11,0.36,B:Q16|W:D16|B:Q4|W:D3|B:C17|W:C16|B:D17|W:E16|B:F17|W:R3,Q16·D16·Q4·D3·C17·C16·D17·E16·F17·R3
10,16,10,0.33,B:R16|W:D4|B:C16|W:Q4|B:O16|W:E16|B:E17|W:F17|B:D17|W:F16,R16·D4·C16·Q4·O16·E16·E17·F17·D17·F16
10,17,10,0.33,B:Q16|W:D4|B:Q3|W:D17|B:C3|W:C4|B:D3|W:E4|B:F2|W:D15,Q16·D4·Q3·D17·C3·C4·D3·E4·F2·D15
10,18,10,0.33,B:R16|W:D16|B:Q3|W:D3|B:O16|W:R5|B:O4|W:Q9|B:C17|W:C16,R16·D16·Q3·D3·O16·R5·O4·Q9·C17·C16
10,19,10,0.33,B:Q16|W:D4|B:Q3|W:D17|B:C15|W:C16|B:D15|W:F17|B:D11|W:R5,Q16·D4·Q3·D17·C15·C16·D15·F17·D11·R5
10,20,10,0.33,B:R16|W:D16|B:Q3|W:D3|B:O16|W:Q5|B:R5|W:R6|B:R4|W:Q6,R16·D16·Q3·D3·O16·Q5·R5·R6·R4·Q6
11,1,40,1.32,B:R16|W:D16|B:Q3|W:D4|B:O16|W:Q5|B:R5|W:R6|B:R4|W:Q6|B:O3,R16·D16·Q3·D4·O16·Q5·R5·R6·R4·Q6·O3
11,2,25,0.83,B:Q16|W:D4|B:Q3|W:D16|B:C3|W:D3|B:C4|W:D5|B:B6|W:R17|B:R16,Q16·D4·Q3·D16·C3·D3·C4·D5·B6·R17·R16
11,3,15,0.5,B:Q16|W:D4|B:Q3|W:D16|B:C3|W:D3|B:C4|W:D5|B:B6|W:R5|B:P4,Q16·D4·Q3·D16·C3·D3·C4·D5·B6·R5·P4
11,4,15,0.5,B:Q16|W:D16|B:Q4|W:D4|B:C3|W:D3|B:C4|W:D5|B:B6|W:R17|B:R16,Q16·D16·Q4·D4·C3·D3·C4·D5·B6·R17·R16
11,5,15,0.5,B:Q16|W:D16|B:R4|W:D4|B:O4|W:R17|B:R16|W:Q17|B:O17|W:P17|B:P16,Q16·D16·R4·D4·O4·R17·R16·Q17·O17·P17·P16
11,6,15,0.5,B:Q16|W:D4|B:Q4|W:D16|B:C3|W:D3|B:C4|W:D5|B:B6|W:R17|B:R16,Q16·D4·Q4·D16·C3·D3·C4·D5·B6·R17·R16
11,7,15,0.5,B:R16|W:D17|B:D4|W:Q4|B:C15|W:P17|B:E16|W:E17|B:F16|W:G17|B:Q15,R16·D17·D4·Q4·C15·P17·E16·E17·F16·G17·Q15
11,8,13,0.43,B:R16|W:D16|B:Q3|W:D4|B:P17|W:Q5|B:R5|W:R6|B:R4|W:Q6|B:O3,R16·D16·Q3·D4·P17·Q5·R5·R6·R4·Q6·O3
11,9,12,0.4,B:Q16|W:D16|B:Q3|W:D4|B:C3|W:D3|B:C4|W:D5|B:B6|W:R17|B:R16,Q16·D16·Q3·D4·C3·D3·C4·D5·B6·R17·R16
11,10,12,0.4,B:Q16|W:D16|B:R4|W:D3|B:C5|W:C4|B:D5|W:F3|B:D9|W:P3|B:Q5,Q16·D16·R4·D3·C5·C4·D5·F3·D9·P3·Q5
11,11,11,0.36,B:R16|W:D4|B:D17|W:Q4|B:D14|W:P16|B:P17|W:O17|B:Q17|W:O16|B:R14,R16·D4·D17·Q4·D14·P16·P17·O17·Q17·O16·R14
11,12,11,0.36,B:Q16|W:D4|B:R4|W:D16|B:P4|W:R17|B:R16|W:Q17|B:O17|W:P17|B:P16,Q16·D4·R4·D16·P4·R17·R16·Q17·O17·P17·P16
11,13,10,0.33,B:R16|W:D4|B:C16|W:Q4|B:O16|W:E16|B:E17|W:F17|B:D17|W:F16|B:C14,R16·D4·C16·Q4·O16·E16·E17·F17·D17·F16·C14
11,14,10,0.33,B:R16|W:D16|B:Q3|W:D3|B:O16|W:R5|B:O4|W:Q9|B:C17|W:C16|B:D17,R16·D16·Q3·D3·O16·R5·O4·Q9·C17·C16·D17
11,15,10,0.33,B:R16|W:D16|B:Q3|W:D3|B:O16|W:Q5|B:R5|W:R6|B:R4|W:Q6|B:O3,R16·D16·Q3·D3·O16·Q5·R5·R6·R4·Q6·O3
11,16,10,0.33,B:Q16|W:D16|B:Q4|W:D4|B:C3|W:D3|B:C4|W:D5|B:B6|W:R17|B:Q17,Q16·D16·Q4·D4·C3·D3·C4·D5·B6·R17·Q17
11,17,9,0.3,B:Q16|W:D16|B:R4|W:D4|B:P4|W:O4|B:O3|W:N3|B:N4|W:O5|B:N5,Q16·D16·R4·D4·P4·O4·O3·N3·N4·O5·N5
11,18,9,0.3,B:R16|W:D16|B:Q3|W:D4|B:P17|W:R5|B:O4|W:O16|B:F17|W:H17|B:O17,R16·D16·Q3·D4·P17·R5·O4·O16·F17·H17·O17
11,19,9,0.3,B:Q16|W:D4|B:Q3|W:D16|B:Q5|W:R17|B:R16|W:Q17|B:O17|W:P17|B:P16,Q16·D4·Q3·D16·Q5·R17·R16·Q17·O17·P17·P16
11,20,9,0.3,B:Q16|W:D4|B:Q4|W:D16|B:C3|W:D3|B:C4|W:D5|B:B6|W:R17|B:Q17,Q16·D4·Q4·D16·C3·D3·C4·D5·B6·R17·Q17
12,1,39,1.29,B:R16|W:D16|B:Q3|W:D4|B:O16|W:Q5|B:R5|W:R6|B:R4|W:Q6|B:O3|W:Q10,R16·D16·Q3·D4·O16·Q5·R5·R6·R4·Q6·O3·Q10
12,2,25,0.83,B:Q16|W:D4|B:Q3|W:D16|B:C3|W:D3|B:C4|W:D5|B:B6|W:R17|B:R16|W:Q17,Q16·D4·Q3·D16·C3·D3·C4·D5·B6·R17·R16·Q17
12,3,15,0.5,B:Q16|W:D16|B:Q4|W:D4|B:C3|W:D3|B:C4|W:D5|B:B6|W:R17|B:R16|W:Q17,Q16·D16·Q4·D4·C3·D3·C4·D5·B6·R17·R16·Q17
12,4,15,0.5,B:Q16|W:D16|B:R4|W:D4|B:O4|W:R17|B:R16|W:Q17|B:O17|W:P17|B:P16|W:O18,Q16·D16·R4·D4·O4·R17·R16·Q17·O17·P17·P16·O18
12,5,15,0.5,B:Q16|W:D4|B:Q4|W:D16|B:C3|W:D3|B:C4|W:D5|B:B6|W:R17|B:R16|W:Q17,Q16·D4·Q4·D16·C3·D3·C4·D5·B6·R17·R16·Q17
12,6,15,0.5,B:R16|W:D17|B:D4|W:Q4|B:C15|W:P17|B:E16|W:E17|B:F16|W:G17|B:Q15|W:F3,R16·D17·D4·Q4·C15·P17·E16·E17·F16·G17·Q15·F3
12,7,12,0.4,B:Q16|W:D16|B:Q3|W:D4|B:C3|W:D3|B:C4|W:D5|B:B6|W:R17|B:R16|W:Q17,Q16·D16·Q3·D4·C3·D3·C4·D5·B6·R17·R16·Q17
12,8,11,0.36,B:R16|W:D4|B:D17|W:Q4|B:D14|W:P16|B:P17|W:O17|B:Q17|W:O16|B:R14|W:K16,R16·D4·D17·Q4·D14·P16·P17·O17·Q17·O16·R14·K16
12,9,11,0.36,B:Q16|W:D4|B:R4|W:D16|B:P4|W:R17|B:R16|W:Q17|B:O17|W:P17|B:P16|W:O18,Q16·D4·R4·D16·P4·R17·R16·Q17·O17·P17·P16·O18
12,10,10,0.33,B:R16|W:D16|B:Q3|W:D3|B:O16|W:R5|B:O4|W:Q9|B:C17|W:C16|B:D17|W:E16,R16·D16·Q3·D3·O16·R5·O4·Q9·C17·C16·D17·E16
12,11,10,0.33,B:R16|W:D16|B:Q3|W:D3|B:O16|W:Q5|B:R5|W:R6|B:R4|W:Q6|B:O3|W:Q10,R16·D16·Q3·D3·O16·Q5·R5·R6·R4·Q6·O3·Q10
12,12,10,0.33,B:Q16|W:D16|B:Q4|W:D4|B:C3|W:D3|B:C4|W:D5|B:B6|W:R17|B:Q17|W:R16,Q16·D16·Q4·D4·C3·D3·C4·D5·B6·R17·Q17·R16
12,13,9,0.3,B:Q16|W:D16|B:R4|W:D4|B:P4|W:O4|B:O3|W:N3|B:N4|W:O5|B:N5|W:P3,Q16·D16·R4·D4·P4·O4·O3·N3·N4·O5·N5·P3
12,14,9,0.3,B:Q16|W:D4|B:Q3|W:D16|B:Q5|W:R17|B:R16|W:Q17|B:O17|W:P17|B:P16|W:O18,Q16·D4·Q3·D16·Q5·R17·R16·Q17·O17·P17·P16·O18
12,15,9,0.3,B:R16|W:D16|B:Q3|W:D4|B:P17|W:Q5|B:R5|W:R6|B:R4|W:Q6|B:O3|W:R15,R16·D16·Q3·D4·P17·Q5·R5·R6·R4·Q6·O3·R15
12,16,9,0.3,B:Q16|W:D4|B:Q4|W:D16|B:C3|W:D3|B:C4|W:D5|B:B6|W:R17|B:Q17|W:R16,Q16·D4·Q4·D16·C3·D3·C4·D5·B6·R17·Q17·R16
12,17,8,0.26,B:Q16|W:D4|B:Q3|W:D16|B:C3|W:D3|B:C4|W:D5|B:B6|W:R5|B:P4|W:O17,Q16·D4·Q3·D16·C3·D3·C4·D5·B6·R5·P4·O17
12,18,8,0.26,B:Q16|W:D16|B:R4|W:D3|B:C5|W:C4|B:D5|W:F3|B:D9|W:P3|B:Q5|W:O17,Q16·D16·R4·D3·C5·C4·D5·F3·D9·P3·Q5·O17
12,19,8,0.26,B:Q16|W:D16|B:R4|W:D4|B:P4|W:R17|B:R16|W:Q17|B:O17|W:P17|B:P16|W:O18,Q16·D16·R4·D4·P4·R17·R16·Q17·O17·P17·P16·O18
12,20,8,0.26,B:Q16|W:D16|B:Q4|W:D3|B:C17|W:C16|B:D17|W:E16|B:F17|W:R3|B:Q3|W:R4,Q16·D16·Q4·D3·C17·C16·D17·E16·F17·R3·Q3·R4
13,1,23,0.76,B:Q16|W:D4|B:Q3|W:D16|B:C3|W:D3|B:C4|W:D5|B:B6|W:R17|B:R16|W:Q17|B:P16,Q16·D4·Q3·D16·C3·D3·C4·D5·B6·R17·R16·Q17·P16
13,2,20,0.66,B:R16|W:D16|B:Q3|W:D4|B:O16|W:Q5|B:R5|W:R6|B:R4|W:Q6|B:O3|W:Q10|B:C3,R16·D16·Q3·D4·O16·Q5·R5·R6·R4·Q6·O3·Q10·C3
13,3,12,0.4,B:Q16|W:D16|B:Q3|W:D4|B:C3|W:D3|B:C4|W:D5|B:B6|W:R17|B:R16|W:Q17|B:P16,Q16·D16·Q3·D4·C3·D3·C4·D5·B6·R17·R16·Q17·P16
13,4,12,0.4,B:R16|W:D16|B:Q3|W:D4|B:O16|W:Q5|B:R5|W:R6|B:R4|W:Q6|B:O3|W:Q10|B:C17,R16·D16·Q3·D4·O16·Q5·R5·R6·R4·Q6·O3·Q10·C17
13,5,10,0.33,B:Q16|W:D16|B:Q4|W:D4|B:C3|W:D3|B:C4|W:D5|B:B6|W:R17|B:R16|W:Q17|B:P16,Q16·D16·Q4·D4·C3·D3·C4·D5·B6·R17·R16·Q17·P16
13,6,10,0.33,B:Q16|W:D16|B:R4|W:D4|B:O4|W:R17|B:R16|W:Q17|B:O17|W:P17|B:P16|W:O18|B:F3,Q16·D16·R4·D4·O4·R17·R16·Q17·O17·P17·P16·O18·F3
13,7,10,0.33,B:R16|W:D16|B:Q3|W:D3|B:O16|W:R5|B:O4|W:Q9|B:C17|W:C16|B:D17|W:E16|B:F18,R16·D16·Q3·D3·O16·R5·O4·Q9·C17·C16·D17·E16·F18
13,8,10,0.33,B:R16|W:D16|B:Q3|W:D3|B:O16|W:Q5|B:R5|W:R6|B:R4|W:Q6|B:O3|W:Q10|B:C17,R16·D16·Q3·D3·O16·Q5·R5·R6·R4·Q6·O3·Q10·C17
13,9,9,0.3,B:Q16|W:D16|B:R4|W:D4|B:P4|W:O4|B:O3|W:N3|B:N4|W:O5|B:N5|W:P3|B:O2,Q16·D16·R4·D4·P4·O4·O3·N3·N4·O5·N5·P3·O2
13,10,8,0.26,B:R16|W:D16|B:Q3|W:D4|B:P17|W:Q5|B:R5|W:R6|B:R4|W:Q6|B:O3|W:R15|B:Q16,R16·D16·Q3·D4·P17·Q5·R5·R6·R4·Q6·O3·R15·Q16
13,11,8,0.26,B:Q16|W:D4|B:Q4|W:D16|B:C3|W:D3|B:C4|W:D5|B:B6|W:R17|B:R16|W:Q17|B:O17,Q16·D4·Q4·D16·C3·D3·C4·D5·B6·R17·R16·Q17·O17
13,12,7,0.23,B:Q16|W:D4|B:Q4|W:D16|B:C3|W:D3|B:C4|W:D5|B:B6|W:R17|B:R16|W:Q17|B:P16,Q16·D4·Q4·D16·C3·D3·C4·D5·B6·R17·R16·Q17·P16
13,13,7,0.23,B:Q16|W:D4|B:R4|W:D16|B:P4|W:O4|B:O3|W:N3|B:N4|W:O5|B:N5|W:P3|B:O2,Q16·D4·R4·D16·P4·O4·O3·N3·N4·O5·N5·P3·O2
13,14,7,0.23,B:Q16|W:D16|B:Q4|W:D3|B:C17|W:C16|B:D17|W:E16|B:F17|W:R3|B:Q3|W:R4|B:Q5,Q16·D16·Q4·D3·C17·C16·D17·E16·F17·R3·Q3·R4·Q5
13,15,6,0.2,B:Q16|W:D16|B:Q3|W:D4|B:C3|W:D3|B:C4|W:D5|B:C6|W:R17|B:R16|W:Q17|B:P16,Q16·D16·Q3·D4·C3·D3·C4·D5·C6·R17·R16·Q17·P16
13,16,6,0.2,B:Q16|W:D16|B:R4|W:D3|B:C5|W:C4|B:D5|W:F3|B:D9|W:P3|B:Q5|W:O17|B:R14,Q16·D16·R4·D3·C5·C4·D5·F3·D9·P3·Q5·O17·R14
13,17,6,0.2,B:Q16|W:D16|B:Q4|W:D4|B:C3|W:D3|B:C4|W:D5|B:B6|W:R17|B:Q17|W:R16|B:Q15,Q16·D16·Q4·D4·C3·D3·C4·D5·B6·R17·Q17·R16·Q15
13,18,6,0.2,B:Q16|W:D16|B:R4|W:D4|B:P4|W:R17|B:R16|W:Q17|B:O17|W:P17|B:P16|W:O18|B:C3,Q16·D16·R4·D4·P4·R17·R16·Q17·O17·P17·P16·O18·C3
13,19,6,0.2,B:R16|W:D4|B:D17|W:Q4|B:D14|W:P16|B:P17|W:O17|B:Q17|W:O16|B:R14|W:K16|B:C3,R16·D4·D17·Q4·D14·P16·P17·O17·Q17·O16·R14·K16·C3
13,20,6,0.2,B:R16|W:D16|B:Q3|W:D4|B:O16|W:Q5|B:R5|W:R6|B:R4|W:Q6|B:O3|W:Q10|B:F17,R16·D16·Q3·D4·O16·Q5·R5·R6·R4·Q6·O3·Q10·F17
14,1,21,0.69,B:Q16|W:D4|B:Q3|W:D16|B:C3|W:D3|B:C4|W:D5|B:B6|W:R17|B:R16|W:Q17|B:P16|W:O17,Q16·D4·Q3·D16·C3·D3·C4·D5·B6·R17·R16·Q17·P16·O17
14,2,15,0.5,B:R16|W:D16|B:Q3|W:D4|B:O16|W:Q5|B:R5|W:R6|B:R4|W:Q6|B:O3|W:Q10|B:C3|W:C4,R16·D16·Q3·D4·O16·Q5·R5·R6·R4·Q6·O3·Q10·C3·C4
14,3,11,0.36,B:Q16|W:D16|B:Q3|W:D4|B:C3|W:D3|B:C4|W:D5|B:B6|W:R17|B:R16|W:Q17|B:P16|W:O17,Q16·D16·Q3·D4·C3·D3·C4·D5·B6·R17·R16·Q17·P16·O17
14,4,10,0.33,B:R16|W:D16|B:Q3|W:D4|B:O16|W:Q5|B:R5|W:R6|B:R4|W:Q6|B:O3|W:Q10|B:C17|W:D17,R16·D16·Q3·D4·O16·Q5·R5·R6·R4·Q6·O3·Q10·C17·D17
14,5,9,0.3,B:Q16|W:D16|B:R4|W:D4|B:P4|W:O4|B:O3|W:N3|B:N4|W:O5|B:N5|W:P3|B:O2|W:O6,Q16·D16·R4·D4·P4·O4·O3·N3·N4·O5·N5·P3·O2·O6
14,6,8,0.26,B:R16|W:D16|B:Q3|W:D3|B:O16|W:Q5|B:R5|W:R6|B:R4|W:Q6|B:O3|W:Q10|B:C17|W:C16,R16·D16·Q3·D3·O16·Q5·R5·R6·R4·Q6·O3·Q10·C17·C16
14,7,7,0.23,B:Q16|W:D16|B:Q4|W:D4|B:C3|W:D3|B:C4|W:D5|B:B6|W:R17|B:R16|W:Q17|B:P16|W:O18,Q16·D16·Q4·D4·C3·D3·C4·D5·B6·R17·R16·Q17·P16·O18
14,8,7,0.23,B:Q16|W:D4|B:R4|W:D16|B:P4|W:O4|B:O3|W:N3|B:N4|W:O5|B:N5|W:P3|B:O2|W:O6,Q16·D4·R4·D16·P4·O4·O3·N3·N4·O5·N5·P3·O2·O6
14,9,7,0.23,B:Q16|W:D16|B:Q4|W:D3|B:C17|W:C16|B:D17|W:E16|B:F17|W:R3|B:Q3|W:R4|B:Q5|W:S6,Q16·D16·Q4·D3·C17·C16·D17·E16·F17·R3·Q3·R4·Q5·S6
14,10,6,0.2,B:R16|W:D4|B:D17|W:Q4|B:D14|W:P16|B:P17|W:O17|B:Q17|W:O16|B:R14|W:K16|B:C3|W:C4,R16·D4·D17·Q4·D14·P16·P17·O17·Q17·O16·R14·K16·C3·C4
14,11,6,0.2,B:Q16|W:D16|B:Q4|W:D3|B:C5|W:C4|B:D5|W:F3|B:D9|W:R3|B:R4|W:Q3|B:P4|W:P3,Q16·D16·Q4·D3·C5·C4·D5·F3·D9·R3·R4·Q3·P4·P3
14,12,6,0.2,B:Q16|W:D4|B:R4|W:D16|B:P4|W:R17|B:R16|W:Q17|B:O17|W:P17|B:P16|W:O18|B:C3|W:D3,Q16·D4·R4·D16·P4·R17·R16·Q17·O17·P17·P16·O18·C3·D3
14,13,6,0.2,B:Q16|W:D4|B:Q4|W:D16|B:C3|W:D3|B:C4|W:D5|B:B6|W:R17|B:Q17|W:R16|B:Q15|W:S14,Q16·D4·Q4·D16·C3·D3·C4·D5·B6·R17·Q17·R16·Q15·S14
14,14,6,0.2,B:R16|W:D4|B:C16|W:R4|B:O16|W:E17|B:D15|W:H17|B:C3|W:C4|B:D3|W:F3|B:F2|W:G3,R16·D4·C16·R4·O16·E17·D15·H17·C3·C4·D3·F3·F2·G3
14,15,5,0.17,B:Q16|W:D4|B:Q3|W:D16|B:C3|W:D3|B:C4|W:C5|B:B5|W:B6|B:C6|W:D5|B:B7|W:B4,Q16·D4·Q3·D16·C3·D3·C4·C5·B5·B6·C6·D5·B7·B4
14,16,5,0.17,B:R16|W:D16|B:Q3|W:D3|B:O16|W:R5|B:O4|W:Q9|B:C17|W:C16|B:D17|W:E16|B:F18|W:C9,R16·D16·Q3·D3·O16·R5·O4·Q9·C17·C16·D17·E16·F18·C9
14,17,5,0.17,B:Q16|W:D16|B:Q3|W:D4|B:C3|W:D3|B:C4|W:D5|B:C6|W:R17|B:R16|W:Q17|B:P16|W:O18,Q16·D16·Q3·D4·C3·D3·C4·D5·C6·R17·R16·Q17·P16·O18
14,18,5,0.17,B:Q16|W:D16|B:Q4|W:D4|B:C3|W:D3|B:C4|W:D5|B:B6|W:R17|B:Q17|W:R16|B:Q15|W:S14,Q16·D16·Q4·D4·C3·D3·C4·D5·B6·R17·Q17·R16·Q15·S14
14,19,5,0.17,B:Q16|W:D4|B:R4|W:D17|B:P4|W:R17|B:Q17|W:R16|B:R14|W:R15|B:Q15|W:S14|B:R18|W:S18,Q16·D4·R4·D17·P4·R17·Q17·R16·R14·R15·Q15·S14·R18·S18
14,20,5,0.17,B:R16|W:D16|B:Q3|W:D3|B:O16|W:R5|B:O4|W:Q9|B:C17|W:C16|B:D17|W:E16|B:F18|W:D5,R16·D16·Q3·D3·O16·R5·O4·Q9·C17·C16·D17·E16·F18·D5
15,1,15,0.5,B:R16|W:D16|B:Q3|W:D4|B:O16|W:Q5|B:R5|W:R6|B:R4|W:Q6|B:O3|W:Q10|B:C3|W:C4|B:D3,R16·D16·Q3·D4·O16·Q5·R5·R6·R4·Q6·O3·Q10·C3·C4·D3
15,2,10,0.33,B:R16|W:D16|B:Q3|W:D4|B:O16|W:Q5|B:R5|W:R6|B:R4|W:Q6|B:O3|W:Q10|B:C17|W:D17|B:C16,R16·D16·Q3·D4·O16·Q5·R5·R6·R4·Q6·O3·Q10·C17·D17·C16
15,3,9,0.3,B:Q16|W:D16|B:R4|W:D4|B:P4|W:O4|B:O3|W:N3|B:N4|W:O5|B:N5|W:P3|B:O2|W:O6|B:P2,Q16·D16·R4·D4·P4·O4·O3·N3·N4·O5·N5·P3·O2·O6·P2
15,4,8,0.26,B:Q16|W:D4|B:Q3|W:D16|B:C3|W:D3|B:C4|W:D5|B:B6|W:R17|B:R16|W:Q17|B:P16|W:O17|B:S17,Q16·D4·Q3·D16·C3·D3·C4·D5·B6·R17·R16·Q17·P16·O17·S17
15,5,8,0.26,B:R16|W:D16|B:Q3|W:D3|B:O16|W:Q5|B:R5|W:R6|B:R4|W:Q6|B:O3|W:Q10|B:C17|W:C16|B:D17,R16·D16·Q3·D3·O16·Q5·R5·R6·R4·Q6·O3·Q10·C17·C16·D17
15,6,7,0.23,B:Q16|W:D4|B:R4|W:D16|B:P4|W:O4|B:O3|W:N3|B:N4|W:O5|B:N5|W:P3|B:O2|W:O6|B:P2,Q16·D4·R4·D16·P4·O4·O3·N3·N4·O5·N5·P3·O2·O6·P2
15,7,6,0.2,B:R16|W:D4|B:D17|W:Q4|B:D14|W:P16|B:P17|W:O17|B:Q17|W:O16|B:R14|W:K16|B:C3|W:C4|B:D3,R16·D4·D17·Q4·D14·P16·P17·O17·Q17·O16·R14·K16·C3·C4·D3
15,8,6,0.2,B:Q16|W:D4|B:R4|W:D16|B:P4|W:R17|B:R16|W:Q17|B:O17|W:P17|B:P16|W:O18|B:C3|W:D3|B:C4,Q16·D4·R4·D16·P4·R17·R16·Q17·O17·P17·P16·O18·C3·D3·C4
15,9,6,0.2,B:R16|W:D4|B:C16|W:R4|B:O16|W:E17|B:D15|W:H17|B:C3|W:C4|B:D3|W:F3|B:F2|W:G3|B:G2,R16·D4·C16·R4·O16·E17·D15·H17·C3·C4·D3·F3·F2·G3·G2
15,10,5,0.17,B:Q16|W:D4|B:Q3|W:D16|B:C3|W:D3|B:C4|W:C5|B:B5|W:B6|B:C6|W:D5|B:B7|W:B4|B:A6,Q16·D4·Q3·D16·C3·D3·C4·C5·B5·B6·C6·D5·B7·B4·A6
15,11,5,0.17,B:Q16|W:D16|B:Q4|W:D4|B:C3|W:D3|B:C4|W:D5|B:B6|W:R17|B:R16|W:Q17|B:P16|W:O18|B:R6,Q16·D16·Q4·D4·C3·D3·C4·D5·B6·R17·R16·Q17·P16·O18·R6
15,12,5,0.17,B:Q16|W:D4|B:R4|W:D17|B:P4|W:R17|B:Q17|W:R16|B:R14|W:R15|B:Q15|W:S14|B:R18|W:S18|B:S15,Q16·D4·R4·D17·P4·R17·Q17·R16·R14·R15·Q15·S14·R18·S18·S15
15,13,5,0.17,B:R16|W:D16|B:Q3|W:D4|B:O16|W:Q5|B:R5|W:R6|B:R4|W:Q6|B:O3|W:Q10|B:C3|W:D3|B:C4,R16·D16·Q3·D4·O16·Q5·R5·R6·R4·Q6·O3·Q10·C3·D3·C4
15,14,5,0.17,B:Q16|W:D16|B:Q3|W:D4|B:C3|W:D3|B:C4|W:D5|B:B6|W:R17|B:R16|W:Q17|B:P16|W:O17|B:O16,Q16·D16·Q3·D4·C3·D3·C4·D5·B6·R17·R16·Q17·P16·O17·O16
15,15,5,0.17,B:R16|W:D16|B:Q3|W:D4|B:O16|W:Q5|B:R5|W:R6|B:R4|W:Q6|B:O3|W:Q10|B:F17|W:E17|B:F16,R16·D16·Q3·D4·O16·Q5·R5·R6·R4·Q6·O3·Q10·F17·E17·F16
15,16,5,0.17,B:Q16|W:C17|B:Q3|W:D3|B:C5|W:C4|B:D5|W:F3|B:D9|W:R17|B:R16|W:Q17|B:O17|W:P17|B:P16,Q16·C17·Q3·D3·C5·C4·D5·F3·D9·R17·R16·Q17·O17·P17·P16
15,17,5,0.17,B:Q16|W:D16|B:R4|W:D4|B:P4|W:R17|B:R16|W:Q17|B:O17|W:P17|B:P16|W:O18|B:C3|W:D3|B:C4,Q16·D16·R4·D4·P4·R17·R16·Q17·O17·P17·P16·O18·C3·D3·C4
15,18,5,0.17,B:Q16|W:D4|B:Q4|W:D16|B:C3|W:D3|B:C4|W:D5|B:B6|W:R17|B:R16|W:Q17|B:O17|W:P17|B:P16,Q16·D4·Q4·D16·C3·D3·C4·D5·B6·R17·R16·Q17·O17·P17·P16
15,19,4,0.13,B:R16|W:D16|B:Q4|W:D3|B:C5|W:E4|B:F17|W:C8|B:C14|W:F16|B:G16|W:F15|B:D17|W:C17|B:E17,R16·D16·Q4·D3·C5·E4·F17·C8·C14·F16·G16·F15·D17·C17·E17
15,20,4,0.13,B:R16|W:D16|B:Q3|W:D4|B:R6|W:P17|B:Q14|W:Q4|B:P4|W:R3|B:R4|W:Q5|B:R5|W:P3|B:Q2,R16·D16·Q3·D4·R6·P17·Q14·Q4·P4·R3·R4·Q5·R5·P3·Q2
16,1,10,0.33,B:R16|W:D16|B:Q3|W:D4|B:O16|W:Q5|B:R5|W:R6|B:R4|W:Q6|B:O3|W:Q10|B:C3|W:C4|B:D3|W:E4,R16·D16·Q3·D4·O16·Q5·R5·R6·R4·Q6·O3·Q10·C3·C4·D3·E4
16,2,9,0.3,B:R16|W:D16|B:Q3|W:D4|B:O16|W:Q5|B:R5|W:R6|B:R4|W:Q6|B:O3|W:Q10|B:C17|W:D17|B:C16|W:C14,R16·D16·Q3·D4·O16·Q5·R5·R6·R4·Q6·O3·Q10·C17·D17·C16·C14
16,3,8,0.26,B:Q16|W:D16|B:R4|W:D4|B:P4|W:O4|B:O3|W:N3|B:N4|W:O5|B:N5|W:P3|B:O2|W:O6|B:P2|W:Q3,Q16·D16·R4·D4·P4·O4·O3·N3·N4·O5·N5·P3·O2·O6·P2·Q3
16,4,6,0.2,B:Q16|W:D4|B:Q3|W:D16|B:C3|W:D3|B:C4|W:D5|B:B6|W:R17|B:R16|W:Q17|B:P16|W:O17|B:S17|W:O16,Q16·D4·Q3·D16·C3·D3·C4·D5·B6·R17·R16·Q17·P16·O17·S17·O16
16,5,6,0.2,B:R16|W:D4|B:D17|W:Q4|B:D14|W:P16|B:P17|W:O17|B:Q17|W:O16|B:R14|W:K16|B:C3|W:C4|B:D3|W:F3,R16·D4·D17·Q4·D14·P16·P17·O17·Q17·O16·R14·K16·C3·C4·D3·F3
16,6,6,0.2,B:R16|W:D4|B:C16|W:R4|B:O16|W:E17|B:D15|W:H17|B:C3|W:C4|B:D3|W:F3|B:F2|W:G3|B:G2|W:H3,R16·D4·C16·R4·O16·E17·D15·H17·C3·C4·D3·F3·F2·G3·G2·H3
16,7,5,0.17,B:Q16|W:D4|B:Q3|W:D16|B:C3|W:D3|B:C4|W:C5|B:B5|W:B6|B:C6|W:D5|B:B7|W:B4|B:A6|W:B3,Q16·D4·Q3·D16·C3·D3·C4·C5·B5·B6·C6·D5·B7·B4·A6·B3
16,8,5,0.17,B:Q16|W:D16|B:Q4|W:D4|B:C3|W:D3|B:C4|W:D5|B:B6|W:R17|B:R16|W:Q17|B:P16|W:O18|B:R6|W:K3,Q16·D16·Q4·D4·C3·D3·C4·D5·B6·R17·R16·Q17·P16·O18·R6·K3
16,9,5,0.17,B:R16|W:D16|B:Q3|W:D3|B:O16|W:Q5|B:R5|W:R6|B:R4|W:Q6|B:O3|W:Q10|B:C17|W:C16|B:D17|W:F17,R16·D16·Q3·D3·O16·Q5·R5·R6·R4·Q6·O3·Q10·C17·C16·D17·F17
16,10,5,0.17,B:Q16|W:D4|B:R4|W:D17|B:P4|W:R17|B:Q17|W:R16|B:R14|W:R15|B:Q15|W:S14|B:R18|W:S18|B:S15|W:Q18,Q16·D4·R4·D17·P4·R17·Q17·R16·R14·R15·Q15·S14·R18·S18·S15·Q18
16,11,5,0.17,B:R16|W:D16|B:Q3|W:D4|B:O16|W:Q5|B:R5|W:R6|B:R4|W:Q6|B:O3|W:Q10|B:C3|W:D3|B:C4|W:C6,R16·D16·Q3·D4·O16·Q5·R5·R6·R4·Q6·O3·Q10·C3·D3·C4·C6
16,12,5,0.17,B:Q16|W:D16|B:Q3|W:D4|B:C3|W:D3|B:C4|W:D5|B:B6|W:R17|B:R16|W:Q17|B:P16|W:O17|B:O16|W:N17,Q16·D16·Q3·D4·C3·D3·C4·D5·B6·R17·R16·Q17·P16·O17·O16·N17
16,13,5,0.17,B:Q16|W:C17|B:Q3|W:D3|B:C5|W:C4|B:D5|W:F3|B:D9|W:R17|B:R16|W:Q17|B:O17|W:P17|B:P16|W:O18,Q16·C17·Q3·D3·C5·C4·D5·F3·D9·R17·R16·Q17·O17·P17·P16·O18
16,14,5,0.17,B:Q16|W:D16|B:R4|W:D4|B:P4|W:R17|B:R16|W:Q17|B:O17|W:P17|B:P16|W:O18|B:C3|W:D3|B:C4|W:D5,Q16·D16·R4·D4·P4·R17·R16·Q17·O17·P17·P16·O18·C3·D3·C4·D5
16,15,5,0.17,B:Q16|W:D4|B:Q4|W:D16|B:C3|W:D3|B:C4|W:D5|B:B6|W:R17|B:R16|W:Q17|B:O17|W:P17|B:P16|W:O18,Q16·D4·Q4·D16·C3·D3·C4·D5·B6·R17·R16·Q17·O17·P17·P16·O18
16,16,4,0.13,B:R16|W:D16|B:Q4|W:D3|B:C5|W:E4|B:F17|W:C8|B:C14|W:F16|B:G16|W:F15|B:D17|W:C17|B:E17|W:C16,R16·D16·Q4·D3·C5·E4·F17·C8·C14·F16·G16·F15·D17·C17·E17·C16
16,17,4,0.13,B:R16|W:D16|B:Q3|W:D4|B:R6|W:P17|B:Q14|W:Q4|B:P4|W:R3|B:R4|W:Q5|B:R5|W:P3|B:Q2|W:O4,R16·D16·Q3·D4·R6·P17·Q14·Q4·P4·R3·R4·Q5·R5·P3·Q2·O4
16,18,4,0.13,B:Q16|W:D4|B:C3|W:D3|B:C4|W:D5|B:B6|W:D16|B:Q4|W:R17|B:R16|W:Q17|B:O17|W:O18|B:N18|W:P17,Q16·D4·C3·D3·C4·D5·B6·D16·Q4·R17·R16·Q17·O17·O18·N18·P17
16,19,4,0.13,B:Q16|W:D4|B:Q3|W:D16|B:C3|W:D3|B:C4|W:D5|B:B6|W:R17|B:R16|W:Q17|B:P16|W:O17|B:R6|W:N18,Q16·D4·Q3·D16·C3·D3·C4·D5·B6·R17·R16·Q17·P16·O17·R6·N18
16,20,4,0.13,B:Q16|W:Q4|B:C16|W:D4|B:J17|W:R17|B:Q17|W:R16|B:R14|W:R15|B:Q15|W:S14|B:C3|W:C4|B:D3|W:E4,Q16·Q4·C16·D4·J17·R17·Q17·R16·R14·R15·Q15·S14·C3·C4·D3·E4
17,1,9,0.3,B:R16|W:D16|B:Q3|W:D4|B:O16|W:Q5|B:R5|W:R6|B:R4|W:Q6|B:O3|W:Q10|B:C17|W:D17|B:C16|W:C14|B:C15,R16·D16·Q3·D4·O16·Q5·R5·R6·R4·Q6·O3·Q10·C17·D17·C16·C14·C15
17,2,8,0.26,B:R16|W:D16|B:Q3|W:D4|B:O16|W:Q5|B:R5|W:R6|B:R4|W:Q6|B:O3|W:Q10|B:C3|W:C4|B:D3|W:E4|B:E3,R16·D16·Q3·D4·O16·Q5·R5·R6·R4·Q6·O3·Q10·C3·C4·D3·E4·E3
17,3,8,0.26,B:Q16|W:D16|B:R4|W:D4|B:P4|W:O4|B:O3|W:N3|B:N4|W:O5|B:N5|W:P3|B:O2|W:O6|B:P2|W:Q3|B:Q4,Q16·D16·R4·D4·P4·O4·O3·N3·N4·O5·N5·P3·O2·O6·P2·Q3·Q4
17,4,6,0.2,B:R16|W:D4|B:D17|W:Q4|B:D14|W:P16|B:P17|W:O17|B:Q17|W:O16|B:R14|W:K16|B:C3|W:C4|B:D3|W:F3|B:E3,R16·D4·D17·Q4·D14·P16·P17·O17·Q17·O16·R14·K16·C3·C4·D3·F3·E3
17,5,5,0.17,B:Q16|W:D4|B:R4|W:D17|B:P4|W:R17|B:Q17|W:R16|B:R14|W:R15|B:Q15|W:S14|B:R18|W:S18|B:S15|W:Q18|B:S17,Q16·D4·R4·D17·P4·R17·Q17·R16·R14·R15·Q15·S14·R18·S18·S15·Q18·S17
17,6,5,0.17,B:Q16|W:D16|B:Q3|W:D4|B:C3|W:D3|B:C4|W:D5|B:B6|W:R17|B:R16|W:Q17|B:P16|W:O17|B:O16|W:N17|B:P17,Q16·D16·Q3·D4·C3·D3·C4·D5·B6·R17·R16·Q17·P16·O17·O16·N17·P17
17,7,5,0.17,B:Q16|W:D16|B:R4|W:D4|B:P4|W:R17|B:R16|W:Q17|B:O17|W:P17|B:P16|W:O18|B:C3|W:D3|B:C4|W:D5|B:B6,Q16·D16·R4·D4·P4·R17·R16·Q17·O17·P17·P16·O18·C3·D3·C4·D5·B6
17,8,4,0.13,B:R16|W:D16|B:Q4|W:D3|B:C5|W:E4|B:F17|W:C8|B:C14|W:F16|B:G16|W:F15|B:D17|W:C17|B:E17|W:C16|B:C11,R16·D16·Q4·D3·C5·E4·F17·C8·C14·F16·G16·F15·D17·C17·E17·C16·C11
17,9,4,0.13,B:R16|W:D16|B:Q3|W:D4|B:R6|W:P17|B:Q14|W:Q4|B:P4|W:R3|B:R4|W:Q5|B:R5|W:P3|B:Q2|W:O4|B:P5,R16·D16·Q3·D4·R6·P17·Q14·Q4·P4·R3·R4·Q5·R5·P3·Q2·O4·P5
17,10,4,0.13,B:Q16|W:D4|B:C3|W:D3|B:C4|W:D5|B:B6|W:D16|B:Q4|W:R17|B:R16|W:Q17|B:O17|W:O18|B:N18|W:P17|B:O16,Q16·D4·C3·D3·C4·D5·B6·D16·Q4·R17·R16·Q17·O17·O18·N18·P17·O16
17,11,4,0.13,B:Q16|W:D4|B:Q3|W:D16|B:C3|W:D3|B:C4|W:D5|B:B6|W:R17|B:R16|W:Q17|B:P16|W:O17|B:S17|W:O16|B:F17,Q16·D4·Q3·D16·C3·D3·C4·D5·B6·R17·R16·Q17·P16·O17·S17·O16·F17
17,12,4,0.13,B:Q16|W:D4|B:Q3|W:D16|B:C3|W:D3|B:C4|W:D5|B:B6|W:R17|B:R16|W:Q17|B:P16|W:O17|B:R6|W:N18|B:N15,Q16·D4·Q3·D16·C3·D3·C4·D5·B6·R17·R16·Q17·P16·O17·R6·N18·N15
17,13,4,0.13,B:Q16|W:Q4|B:C16|W:D4|B:J17|W:R17|B:Q17|W:R16|B:R14|W:R15|B:Q15|W:S14|B:C3|W:C4|B:D3|W:E4|B:F2,Q16·Q4·C16·D4·J17·R17·Q17·R16·R14·R15·Q15·S14·C3·C4·D3·E4·F2
17,14,4,0.13,B:Q16|W:D16|B:Q4|W:D4|B:C3|W:D3|B:C4|W:D5|B:B6|W:R17|B:R16|W:Q17|B:O17|W:O18|B:N18|W:P17|B:O16,Q16·D16·Q4·D4·C3·D3·C4·D5·B6·R17·R16·Q17·O17·O18·N18·P17·O16
17,15,4,0.13,B:R16|W:D16|B:Q3|W:D4|B:O16|W:Q5|B:R5|W:R6|B:R4|W:Q6|B:O3|W:Q10|B:C3|W:C4|B:D3|W:F3|B:E3,R16·D16·Q3·D4·O16·Q5·R5·R6·R4·Q6·O3·Q10·C3·C4·D3·F3·E3
17,16,4,0.13,B:R16|W:D4|B:C16|W:Q4|B:O16|W:E16|B:E17|W:F17|B:D17|W:F16|B:C14|W:M17|B:R3|W:Q3|B:R4|W:R6|B:R5,R16·D4·C16·Q4·O16·E16·E17·F17·D17·F16·C14·M17·R3·Q3·R4·R6·R5
17,17,4,0.13,B:Q16|W:D16|B:Q4|W:D4|B:C3|W:D3|B:C4|W:D5|B:B6|W:R17|B:R16|W:Q17|B:P16|W:O18|B:R6|W:K3|B:C17,Q16·D16·Q4·D4·C3·D3·C4·D5·B6·R17·R16·Q17·P16·O18·R6·K3·C17
17,18,4,0.13,B:R16|W:Q4|B:C16|W:C4|B:K17|W:E16|B:D17|W:D13|B:E15|W:D10|B:P16|W:E4|B:R6|W:O4|B:Q10|W:J3|B:K15,R16·Q4·C16·C4·K17·E16·D17·D13·E15·D10·P16·E4·R6·O4·Q10·J3·K15
17,19,4,0.13,B:R16|W:Q4|B:D17|W:D4|B:D14|W:P17|B:Q14|W:L16|B:R3|W:R4|B:Q3|W:P4|B:P3|W:O3|B:O2|W:N3|B:N2,R16·Q4·D17·D4·D14·P17·Q14·L16·R3·R4·Q3·P4·P3·O3·O2·N3·N2
17,20,4,0.13,B:R16|W:D16|B:Q3|W:D3|B:O16|W:Q5|B:R5|W:R6|B:R4|W:Q6|B:O3|W:Q10|B:C17|W:C16|B:D17|W:F17|B:E17,R16·D16·Q3·D3·O16·Q5·R5·R6·R4·Q6·O3·Q10·C17·C16·D17·F17·E17
18,1,9,0.3,B:R16|W:D16|B:Q3|W:D4|B:O16|W:Q5|B:R5|W:R6|B:R4|W:Q6|B:O3|W:Q10|B:C17|W:D17|B:C16|W:C14|B:C15|W:D15,R16·D16·Q3·D4·O16·Q5·R5·R6·R4·Q6·O3·Q10·C17·D17·C16·C14·C15·D15
18,2,8,0.26,B:Q16|W:D16|B:R4|W:D4|B:P4|W:O4|B:O3|W:N3|B:N4|W:O5|B:N5|W:P3|B:O2|W:O6|B:P2|W:Q3|B:Q4|W:N2,Q16·D16·R4·D4·P4·O4·O3·N3·N4·O5·N5·P3·O2·O6·P2·Q3·Q4·N2
18,3,6,0.2,B:R16|W:D4|B:D17|W:Q4|B:D14|W:P16|B:P17|W:O17|B:Q17|W:O16|B:R14|W:K16|B:C3|W:C4|B:D3|W:F3|B:E3|W:E4,R16·D4·D17·Q4·D14·P16·P17·O17·Q17·O16·R14·K16·C3·C4·D3·F3·E3·E4
18,4,5,0.17,B:Q16|W:D4|B:R4|W:D17|B:P4|W:R17|B:Q17|W:R16|B:R14|W:R15|B:Q15|W:S14|B:R18|W:S18|B:S15|W:Q18|B:S17|W:R19,Q16·D4·R4·D17·P4·R17·Q17·R16·R14·R15·Q15·S14·R18·S18·S15·Q18·S17·R19
18,5,5,0.17,B:Q16|W:D16|B:Q3|W:D4|B:C3|W:D3|B:C4|W:D5|B:B6|W:R17|B:R16|W:Q17|B:P16|W:O17|B:O16|W:N17|B:P17|W:P18,Q16·D16·Q3·D4·C3·D3·C4·D5·B6·R17·R16·Q17·P16·O17·O16·N17·P17·P18
18,6,4,0.13,B:R16|W:D16|B:Q4|W:D3|B:C5|W:E4|B:F17|W:C8|B:C14|W:F16|B:G16|W:F15|B:D17|W:C17|B:E17|W:C16|B:C11|W:E12,R16·D16·Q4·D3·C5·E4·F17·C8·C14·F16·G16·F15·D17·C17·E17·C16·C11·E12
18,7,4,0.13,B:R16|W:D16|B:Q3|W:D4|B:R6|W:P17|B:Q14|W:Q4|B:P4|W:R3|B:R4|W:Q5|B:R5|W:P3|B:Q2|W:O4|B:P5|W:Q6,R16·D16·Q3·D4·R6·P17·Q14·Q4·P4·R3·R4·Q5·R5·P3·Q2·O4·P5·Q6
18,8,4,0.13,B:Q16|W:D4|B:C3|W:D3|B:C4|W:D5|B:B6|W:D16|B:Q4|W:R17|B:R16|W:Q17|B:O17|W:O18|B:N18|W:P17|B:O16|W:P16,Q16·D4·C3·D3·C4·D5·B6·D16·Q4·R17·R16·Q17·O17·O18·N18·P17·O16·P16
18,9,4,0.13,B:Q16|W:D4|B:Q3|W:D16|B:C3|W:D3|B:C4|W:D5|B:B6|W:R17|B:R16|W:Q17|B:P16|W:O17|B:S17|W:O16|B:F17|W:R5,Q16·D4·Q3·D16·C3·D3·C4·D5·B6·R17·R16·Q17·P16·O17·S17·O16·F17·R5
18,10,4,0.13,B:Q16|W:D4|B:Q3|W:D16|B:C3|W:D3|B:C4|W:D5|B:B6|W:R17|B:R16|W:Q17|B:P16|W:O17|B:R6|W:N18|B:N15|W:Q4,Q16·D4·Q3·D16·C3·D3·C4·D5·B6·R17·R16·Q17·P16·O17·R6·N18·N15·Q4
18,11,4,0.13,B:Q16|W:D16|B:Q4|W:D4|B:C3|W:D3|B:C4|W:D5|B:B6|W:R17|B:R16|W:Q17|B:O17|W:O18|B:N18|W:P17|B:O16|W:P16,Q16·D16·Q4·D4·C3·D3·C4·D5·B6·R17·R16·Q17·O17·O18·N18·P17·O16·P16
18,12,4,0.13,B:R16|W:D16|B:Q3|W:D4|B:O16|W:Q5|B:R5|W:R6|B:R4|W:Q6|B:O3|W:Q10|B:C3|W:C4|B:D3|W:F3|B:E3|W:E4,R16·D16·Q3·D4·O16·Q5·R5·R6·R4·Q6·O3·Q10·C3·C4·D3·F3·E3·E4
18,13,4,0.13,B:R16|W:D4|B:C16|W:Q4|B:O16|W:E16|B:E17|W:F17|B:D17|W:F16|B:C14|W:M17|B:R3|W:Q3|B:R4|W:R6|B:R5|W:Q5,R16·D4·C16·Q4·O16·E16·E17·F17·D17·F16·C14·M17·R3·Q3·R4·R6·R5·Q5
18,14,4,0.13,B:R16|W:Q4|B:C16|W:C4|B:K17|W:E16|B:D17|W:D13|B:E15|W:D10|B:P16|W:E4|B:R6|W:O4|B:Q10|W:J3|B:K15|W:Q17,R16·Q4·C16·C4·K17·E16·D17·D13·E15·D10·P16·E4·R6·O4·Q10·J3·K15·Q17
18,15,4,0.13,B:R16|W:Q4|B:D17|W:D4|B:D14|W:P17|B:Q14|W:L16|B:R3|W:R4|B:Q3|W:P4|B:P3|W:O3|B:O2|W:N3|B:N2|W:M3,R16·Q4·D17·D4·D14·P17·Q14·L16·R3·R4·Q3·P4·P3·O3·O2·N3·N2·M3
18,16,4,0.13,B:R16|W:D16|B:Q3|W:D3|B:O16|W:Q5|B:R5|W:R6|B:R4|W:Q6|B:O3|W:Q10|B:C17|W:C16|B:D17|W:F17|B:E17|W:E16,R16·D16·Q3·D3·O16·Q5·R5·R6·R4·Q6·O3·Q10·C17·C16·D17·F17·E17·E16
18,17,4,0.13,B:Q16|W:D4|B:Q3|W:D16|B:R9|W:O17|B:P17|W:O16|B:Q14|W:K16|B:C3|W:D3|B:C4|W:D5|B:B6|W:R12|B:Q11|W:R17,Q16·D4·Q3·D16·R9·O17·P17·O16·Q14·K16·C3·D3·C4·D5·B6·R12·Q11·R17
18,18,4,0.13,B:R16|W:D16|B:Q3|W:D4|B:C17|W:C16|B:D17|W:E16|B:F18|W:R5|B:Q8|W:P17|B:Q15|W:F3|B:C10|W:P4|B:Q4|W:Q5,R16·D16·Q3·D4·C17·C16·D17·E16·F18·R5·Q8·P17·Q15·F3·C10·P4·Q4·Q5
18,19,4,0.13,B:R16|W:D4|B:C16|W:R4|B:E17|W:P17|B:Q14|W:P4|B:C3|W:D3|B:C4|W:C6|B:C5|W:D5|B:B6|W:L16|B:C7|W:D6,R16·D4·C16·R4·E17·P17·Q14·P4·C3·D3·C4·C6·C5·D5·B6·L16·C7·D6
18,20,4,0.13,B:Q16|W:D16|B:Q4|W:D4|B:C3|W:D3|B:C4|W:D5|B:B6|W:R3|B:Q3|W:R4|B:Q5|W:S6|B:H3|W:K3|B:H5|W:M4,Q16·D16·Q4·D4·C3·D3·C4·D5·B6·R3·Q3·R4·Q5·S6·H3·K3·H5·M4
19,1,9,0.3,B:R16|W:D16|B:Q3|W:D4|B:O16|W:Q5|B:R5|W:R6|B:R4|W:Q6|B:O3|W:Q10|B:C17|W:D17|B:C16|W:C14|B:C15|W:D15|B:B14,R16·D16·Q3·D4·O16·Q5·R5·R6·R4·Q6·O3·Q10·C17·D17·C16·C14·C15·D15·B14
19,2,8,0.26,B:Q16|W:D16|B:R4|W:D4|B:P4|W:O4|B:O3|W:N3|B:N4|W:O5|B:N5|W:P3|B:O2|W:O6|B:P2|W:Q3|B:Q4|W:N2|B:Q2,Q16·D16·R4·D4·P4·O4·O3·N3·N4·O5·N5·P3·O2·O6·P2·Q3·Q4·N2·Q2
19,3,6,0.2,B:R16|W:D4|B:D17|W:Q4|B:D14|W:P16|B:P17|W:O17|B:Q17|W:O16|B:R14|W:K16|B:C3|W:C4|B:D3|W:F3|B:E3|W:E4|B:F2,R16·D4·D17·Q4·D14·P16·P17·O17·Q17·O16·R14·K16·C3·C4·D3·F3·E3·E4·F2
19,4,5,0.17,B:Q16|W:D4|B:R4|W:D17|B:P4|W:R17|B:Q17|W:R16|B:R14|W:R15|B:Q15|W:S14|B:R18|W:S18|B:S15|W:Q18|B:S17|W:R19|B:S16,Q16·D4·R4·D17·P4·R17·Q17·R16·R14·R15·Q15·S14·R18·S18·S15·Q18·S17·R19·S16
19,5,5,0.17,B:Q16|W:D16|B:Q3|W:D4|B:C3|W:D3|B:C4|W:D5|B:B6|W:R17|B:R16|W:Q17|B:P16|W:O17|B:O16|W:N17|B:P17|W:P18|B:O18,Q16·D16·Q3·D4·C3·D3·C4·D5·B6·R17·R16·Q17·P16·O17·O16·N17·P17·P18·O18
19,6,4,0.13,B:R16|W:D16|B:Q4|W:D3|B:C5|W:E4|B:F17|W:C8|B:C14|W:F16|B:G16|W:F15|B:D17|W:C17|B:E17|W:C16|B:C11|W:E12|B:D10,R16·D16·Q4·D3·C5·E4·F17·C8·C14·F16·G16·F15·D17·C17·E17·C16·C11·E12·D10
19,7,4,0.13,B:R16|W:D16|B:Q3|W:D4|B:R6|W:P17|B:Q14|W:Q4|B:P4|W:R3|B:R4|W:Q5|B:R5|W:P3|B:Q2|W:O4|B:P5|W:Q6|B:O3,R16·D16·Q3·D4·R6·P17·Q14·Q4·P4·R3·R4·Q5·R5·P3·Q2·O4·P5·Q6·O3
19,8,4,0.13,B:Q16|W:D4|B:C3|W:D3|B:C4|W:D5|B:B6|W:D16|B:Q4|W:R17|B:R16|W:Q17|B:O17|W:O18|B:N18|W:P17|B:O16|W:P16|B:P15,Q16·D4·C3·D3·C4·D5·B6·D16·Q4·R17·R16·Q17·O17·O18·N18·P17·O16·P16·P15
19,9,4,0.13,B:Q16|W:D4|B:Q3|W:D16|B:C3|W:D3|B:C4|W:D5|B:B6|W:R17|B:R16|W:Q17|B:P16|W:O17|B:S17|W:O16|B:F17|W:R5|B:C14,Q16·D4·Q3·D16·C3·D3·C4·D5·B6·R17·R16·Q17·P16·O17·S17·O16·F17·R5·C14
19,10,4,0.13,B:Q16|W:D4|B:Q3|W:D16|B:C3|W:D3|B:C4|W:D5|B:B6|W:R17|B:R16|W:Q17|B:P16|W:O17|B:R6|W:N18|B:N15|W:Q4|B:R4,Q16·D4·Q3·D16·C3·D3·C4·D5·B6·R17·R16·Q17·P16·O17·R6·N18·N15·Q4·R4
19,11,4,0.13,B:Q16|W:D16|B:Q4|W:D4|B:C3|W:D3|B:C4|W:D5|B:B6|W:R17|B:R16|W:Q17|B:O17|W:O18|B:N18|W:P17|B:O16|W:P16|B:P15,Q16·D16·Q4·D4·C3·D3·C4·D5·B6·R17·R16·Q17·O17·O18·N18·P17·O16·P16·P15
19,12,4,0.13,B:R16|W:D16|B:Q3|W:D4|B:O16|W:Q5|B:R5|W:R6|B:R4|W:Q6|B:O3|W:Q10|B:C3|W:C4|B:D3|W:F3|B:E3|W:E4|B:F2,R16·D16·Q3·D4·O16·Q5·R5·R6·R4·Q6·O3·Q10·C3·C4·D3·F3·E3·E4·F2
19,13,4,0.13,B:R16|W:D4|B:C16|W:Q4|B:O16|W:E16|B:E17|W:F17|B:D17|W:F16|B:C14|W:M17|B:R3|W:Q3|B:R4|W:R6|B:R5|W:Q5|B:S6,R16·D4·C16·Q4·O16·E16·E17·F17·D17·F16·C14·M17·R3·Q3·R4·R6·R5·Q5·S6
19,14,4,0.13,B:R16|W:Q4|B:C16|W:C4|B:K17|W:E16|B:D17|W:D13|B:E15|W:D10|B:P16|W:E4|B:R6|W:O4|B:Q10|W:J3|B:K15|W:Q17|B:R17,R16·Q4·C16·C4·K17·E16·D17·D13·E15·D10·P16·E4·R6·O4·Q10·J3·K15·Q17·R17
19,15,4,0.13,B:R16|W:Q4|B:D17|W:D4|B:D14|W:P17|B:Q14|W:L16|B:R3|W:R4|B:Q3|W:P4|B:P3|W:O3|B:O2|W:N3|B:N2|W:M3|B:C6,R16·Q4·D17·D4·D14·P17·Q14·L16·R3·R4·Q3·P4·P3·O3·O2·N3·N2·M3·C6
19,16,4,0.13,B:R16|W:D16|B:Q3|W:D3|B:O16|W:Q5|B:R5|W:R6|B:R4|W:Q6|B:O3|W:Q10|B:C17|W:C16|B:D17|W:F17|B:E17|W:E16|B:F18,R16·D16·Q3·D3·O16·Q5·R5·R6·R4·Q6·O3·Q10·C17·C16·D17·F17·E17·E16·F18
19,17,4,0.13,B:Q16|W:D4|B:Q3|W:D16|B:R9|W:O17|B:P17|W:O16|B:Q14|W:K16|B:C3|W:D3|B:C4|W:D5|B:B6|W:R12|B:Q11|W:R17|B:Q17,Q16·D4·Q3·D16·R9·O17·P17·O16·Q14·K16·C3·D3·C4·D5·B6·R12·Q11·R17·Q17
19,18,4,0.13,B:R16|W:D16|B:Q3|W:D4|B:C17|W:C16|B:D17|W:E16|B:F18|W:R5|B:Q8|W:P17|B:Q15|W:F3|B:C10|W:P4|B:Q4|W:Q5|B:P5,R16·D16·Q3·D4·C17·C16·D17·E16·F18·R5·Q8·P17·Q15·F3·C10·P4·Q4·Q5·P5
19,19,4,0.13,B:R16|W:D4|B:C16|W:R4|B:E17|W:P17|B:Q14|W:P4|B:C3|W:D3|B:C4|W:C6|B:C5|W:D5|B:B6|W:L16|B:C7|W:D6|B:C2,R16·D4·C16·R4·E17·P17·Q14·P4·C3·D3·C4·C6·C5·D5·B6·L16·C7·D6·C2
19,20,4,0.13,B:Q16|W:D16|B:Q4|W:D4|B:C3|W:D3|B:C4|W:D5|B:B6|W:R3|B:Q3|W:R4|B:Q5|W:S6|B:H3|W:K3|B:H5|W:M4|B:K5,Q16·D16·Q4·D4·C3·D3·C4·D5·B6·R3·Q3·R4·Q5·S6·H3·K3·H5·M4·K5
20,1,9,0.3,B:R16|W:D16|B:Q3|W:D4|B:O16|W:Q5|B:R5|W:R6|B:R4|W:Q6|B:O3|W:Q10|B:C17|W:D17|B:C16|W:C14|B:C15|W:D15|B:B14|W:C18,R16·D16·Q3·D4·O16·Q5·R5·R6·R4·Q6·O3·Q10·C17·D17·C16·C14·C15·D15·B14·C18
20,2,8,0.26,B:Q16|W:D16|B:R4|W:D4|B:P4|W:O4|B:O3|W:N3|B:N4|W:O5|B:N5|W:P3|B:O2|W:O6|B:P2|W:Q3|B:Q4|W:N2|B:Q2|W:L5,Q16·D16·R4·D4·P4·O4·O3·N3·N4·O5·N5·P3·O2·O6·P2·Q3·Q4·N2·Q2·L5
20,3,6,0.2,B:R16|W:D4|B:D17|W:Q4|B:D14|W:P16|B:P17|W:O17|B:Q17|W:O16|B:R14|W:K16|B:C3|W:C4|B:D3|W:F3|B:E3|W:E4|B:F2|W:B3,R16·D4·D17·Q4·D14·P16·P17·O17·Q17·O16·R14·K16·C3·C4·D3·F3·E3·E4·F2·B3
20,4,5,0.17,B:Q16|W:D4|B:R4|W:D17|B:P4|W:R17|B:Q17|W:R16|B:R14|W:R15|B:Q15|W:S14|B:R18|W:S18|B:S15|W:Q18|B:S17|W:R19|B:S16|W:R18,Q16·D4·R4·D17·P4·R17·Q17·R16·R14·R15·Q15·S14·R18·S18·S15·Q18·S17·R19·S16·R18
20,5,5,0.17,B:Q16|W:D16|B:Q3|W:D4|B:C3|W:D3|B:C4|W:D5|B:B6|W:R17|B:R16|W:Q17|B:P16|W:O17|B:O16|W:N17|B:P17|W:P18|B:O18|W:Q18,Q16·D16·Q3·D4·C3·D3·C4·D5·B6·R17·R16·Q17·P16·O17·O16·N17·P17·P18·O18·Q18
20,6,4,0.13,B:R16|W:D16|B:Q4|W:D3|B:C5|W:E4|B:F17|W:C8|B:C14|W:F16|B:G16|W:F15|B:D17|W:C17|B:E17|W:C16|B:C11|W:E12|B:D10|W:E8,R16·D16·Q4·D3·C5·E4·F17·C8·C14·F16·G16·F15·D17·C17·E17·C16·C11·E12·D10·E8
20,7,4,0.13,B:R16|W:D16|B:Q3|W:D4|B:R6|W:P17|B:Q14|W:Q4|B:P4|W:R3|B:R4|W:Q5|B:R5|W:P3|B:Q2|W:O4|B:P5|W:Q6|B:O3|W:R7,R16·D16·Q3·D4·R6·P17·Q14·Q4·P4·R3·R4·Q5·R5·P3·Q2·O4·P5·Q6·O3·R7
20,8,4,0.13,B:Q16|W:D4|B:C3|W:D3|B:C4|W:D5|B:B6|W:D16|B:Q4|W:R17|B:R16|W:Q17|B:O17|W:O18|B:N18|W:P17|B:O16|W:P16|B:P15|W:Q15,Q16·D4·C3·D3·C4·D5·B6·D16·Q4·R17·R16·Q17·O17·O18·N18·P17·O16·P16·P15·Q15
20,9,4,0.13,B:Q16|W:D4|B:Q3|W:D16|B:C3|W:D3|B:C4|W:D5|B:B6|W:R17|B:R16|W:Q17|B:P16|W:O17|B:S17|W:O16|B:F17|W:R5|B:C14|W:P4,Q16·D4·Q3·D16·C3·D3·C4·D5·B6·R17·R16·Q17·P16·O17·S17·O16·F17·R5·C14·P4
20,10,4,0.13,B:Q16|W:D4|B:Q3|W:D16|B:C3|W:D3|B:C4|W:D5|B:B6|W:R17|B:R16|W:Q17|B:P16|W:O17|B:R6|W:N18|B:N15|W:Q4|B:R4|W:P3,Q16·D4·Q3·D16·C3·D3·C4·D5·B6·R17·R16·Q17·P16·O17·R6·N18·N15·Q4·R4·P3
20,11,4,0.13,B:Q16|W:D16|B:Q4|W:D4|B:C3|W:D3|B:C4|W:D5|B:B6|W:R17|B:R16|W:Q17|B:O17|W:O18|B:N18|W:P17|B:O16|W:P16|B:P15|W:Q15,Q16·D16·Q4·D4·C3·D3·C4·D5·B6·R17·R16·Q17·O17·O18·N18·P17·O16·P16·P15·Q15
20,12,4,0.13,B:R16|W:D16|B:Q3|W:D4|B:O16|W:Q5|B:R5|W:R6|B:R4|W:Q6|B:O3|W:Q10|B:C3|W:C4|B:D3|W:F3|B:E3|W:E4|B:F2|W:F17,R16·D16·Q3·D4·O16·Q5·R5·R6·R4·Q6·O3·Q10·C3·C4·D3·F3·E3·E4·F2·F17
20,13,4,0.13,B:R16|W:D4|B:C16|W:Q4|B:O16|W:E16|B:E17|W:F17|B:D17|W:F16|B:C14|W:M17|B:R3|W:Q3|B:R4|W:R6|B:R5|W:Q5|B:S6|W:R2,R16·D4·C16·Q4·O16·E16·E17·F17·D17·F16·C14·M17·R3·Q3·R4·R6·R5·Q5·S6·R2
20,14,4,0.13,B:R16|W:Q4|B:C16|W:C4|B:K17|W:E16|B:D17|W:D13|B:E15|W:D10|B:P16|W:E4|B:R6|W:O4|B:Q10|W:J3|B:K15|W:Q17|B:R17|W:G15,R16·Q4·C16·C4·K17·E16·D17·D13·E15·D10·P16·E4·R6·O4·Q10·J3·K15·Q17·R17·G15
20,15,4,0.13,B:R16|W:Q4|B:D17|W:D4|B:D14|W:P17|B:Q14|W:L16|B:R3|W:R4|B:Q3|W:P4|B:P3|W:O3|B:O2|W:N3|B:N2|W:M3|B:C6|W:C12,R16·Q4·D17·D4·D14·P17·Q14·L16·R3·R4·Q3·P4·P3·O3·O2·N3·N2·M3·C6·C12
20,16,4,0.13,B:Q16|W:D4|B:Q3|W:D16|B:R9|W:O17|B:P17|W:O16|B:Q14|W:K16|B:C3|W:D3|B:C4|W:D5|B:B6|W:R12|B:Q11|W:R17|B:Q17|W:Q4,Q16·D4·Q3·D16·R9·O17·P17·O16·Q14·K16·C3·D3·C4·D5·B6·R12·Q11·R17·Q17·Q4
20,17,4,0.13,B:R16|W:D16|B:Q3|W:D4|B:C17|W:C16|B:D17|W:E16|B:F18|W:R5|B:Q8|W:P17|B:Q15|W:F3|B:C10|W:P4|B:Q4|W:Q5|B:P5|W:O4,R16·D16·Q3·D4·C17·C16·D17·E16·F18·R5·Q8·P17·Q15·F3·C10·P4·Q4·Q5·P5·O4
20,18,4,0.13,B:R16|W:D4|B:C16|W:R4|B:E17|W:P17|B:Q14|W:P4|B:C3|W:D3|B:C4|W:C6|B:C5|W:D5|B:B6|W:L16|B:C7|W:D6|B:C2|W:R12,R16·D4·C16·R4·E17·P17·Q14·P4·C3·D3·C4·C6·C5·D5·B6·L16·C7·D6·C2·R12
20,19,4,0.13,B:R16|W:D16|B:Q3|W:D4|B:O16|W:Q5|B:R5|W:R6|B:R4|W:Q6|B:O3|W:Q10|B:C3|W:D3|B:C4|W:C6|B:C5|W:D5|B:B6|W:C2,R16·D16·Q3·D4·O16·Q5·R5·R6·R4·Q6·O3·Q10·C3·D3·C4·C6·C5·D5·B6·C2
20,20,4,0.13,B:Q16|W:D16|B:R4|W:D4|B:O4|W:R17|B:R16|W:Q17|B:O17|W:P17|B:P16|W:O18|B:F3|W:Q12|B:N17|W:N18|B:M17|W:Q9|B:C6|W:F4,Q16·D16·R4·D4·O4·R17·R16·Q17·O17·P17·P16·O18·F3·Q12·N17·N18·M17·Q9·C6·F4
21,1,9,0.3,B:R16|W:D16|B:Q3|W:D4|B:O16|W:Q5|B:R5|W:R6|B:R4|W:Q6|B:O3|W:Q10|B:C17|W:D17|B:C16|W:C14|B:C15|W:D15|B:B14|W:C18|B:B18,R16·D16·Q3·D4·O16·Q5·R5·R6·R4·Q6·O3·Q10·C17·D17·C16·C14·C15·D15·B14·C18·B18
21,2,8,0.26,B:Q16|W:D16|B:R4|W:D4|B:P4|W:O4|B:O3|W:N3|B:N4|W:O5|B:N5|W:P3|B:O2|W:O6|B:P2|W:Q3|B:Q4|W:N2|B:Q2|W:L5|B:N6,Q16·D16·R4·D4·P4·O4·O3·N3·N4·O5·N5·P3·O2·O6·P2·Q3·Q4·N2·Q2·L5·N6
21,3,6,0.2,B:R16|W:D4|B:D17|W:Q4|B:D14|W:P16|B:P17|W:O17|B:Q17|W:O16|B:R14|W:K16|B:C3|W:C4|B:D3|W:F3|B:E3|W:E4|B:F2|W:B3|B:B2,R16·D4·D17·Q4·D14·P16·P17·O17·Q17·O16·R14·K16·C3·C4·D3·F3·E3·E4·F2·B3·B2
21,4,5,0.17,B:Q16|W:D4|B:R4|W:D17|B:P4|W:R17|B:Q17|W:R16|B:R14|W:R15|B:Q15|W:S14|B:R18|W:S18|B:S15|W:Q18|B:S17|W:R19|B:S16|W:R18|B:S13,Q16·D4·R4·D17·P4·R17·Q17·R16·R14·R15·Q15·S14·R18·S18·S15·Q18·S17·R19·S16·R18·S13
21,5,5,0.17,B:Q16|W:D16|B:Q3|W:D4|B:C3|W:D3|B:C4|W:D5|B:B6|W:R17|B:R16|W:Q17|B:P16|W:O17|B:O16|W:N17|B:P17|W:P18|B:O18|W:Q18|B:M17,Q16·D16·Q3·D4·C3·D3·C4·D5·B6·R17·R16·Q17·P16·O17·O16·N17·P17·P18·O18·Q18·M17
21,6,4,0.13,B:R16|W:D16|B:Q4|W:D3|B:C5|W:E4|B:F17|W:C8|B:C14|W:F16|B:G16|W:F15|B:D17|W:C17|B:E17|W:C16|B:C11|W:E12|B:D10|W:E8|B:H17,R16·D16·Q4·D3·C5·E4·F17·C8·C14·F16·G16·F15·D17·C17·E17·C16·C11·E12·D10·E8·H17
21,7,4,0.13,B:R16|W:D16|B:Q3|W:D4|B:R6|W:P17|B:Q14|W:Q4|B:P4|W:R3|B:R4|W:Q5|B:R5|W:P3|B:Q2|W:O4|B:P5|W:Q6|B:O3|W:R7|B:S7,R16·D16·Q3·D4·R6·P17·Q14·Q4·P4·R3·R4·Q5·R5·P3·Q2·O4·P5·Q6·O3·R7·S7
21,8,4,0.13,B:Q16|W:D4|B:C3|W:D3|B:C4|W:D5|B:B6|W:D16|B:Q4|W:R17|B:R16|W:Q17|B:O17|W:O18|B:N18|W:P17|B:O16|W:P16|B:P15|W:Q15|B:S15,Q16·D4·C3·D3·C4·D5·B6·D16·Q4·R17·R16·Q17·O17·O18·N18·P17·O16·P16·P15·Q15·S15
21,9,4,0.13,B:Q16|W:D4|B:Q3|W:D16|B:C3|W:D3|B:C4|W:D5|B:B6|W:R17|B:R16|W:Q17|B:P16|W:O17|B:S17|W:O16|B:F17|W:R5|B:C14|W:P4|B:P3,Q16·D4·Q3·D16·C3·D3·C4·D5·B6·R17·R16·Q17·P16·O17·S17·O16·F17·R5·C14·P4·P3
21,10,4,0.13,B:Q16|W:D4|B:Q3|W:D16|B:C3|W:D3|B:C4|W:D5|B:B6|W:R17|B:R16|W:Q17|B:P16|W:O17|B:R6|W:N18|B:N15|W:Q4|B:R4|W:P3|B:Q5,Q16·D4·Q3·D16·C3·D3·C4·D5·B6·R17·R16·Q17·P16·O17·R6·N18·N15·Q4·R4·P3·Q5
21,11,4,0.13,B:Q16|W:D16|B:Q4|W:D4|B:C3|W:D3|B:C4|W:D5|B:B6|W:R17|B:R16|W:Q17|B:O17|W:O18|B:N18|W:P17|B:O16|W:P16|B:P15|W:Q15|B:S15,Q16·D16·Q4·D4·C3·D3·C4·D5·B6·R17·R16·Q17·O17·O18·N18·P17·O16·P16·P15·Q15·S15
21,12,4,0.13,B:R16|W:D16|B:Q3|W:D4|B:O16|W:Q5|B:R5|W:R6|B:R4|W:Q6|B:O3|W:Q10|B:C3|W:C4|B:D3|W:F3|B:E3|W:E4|B:F2|W:F17|B:C10,R16·D16·Q3·D4·O16·Q5·R5·R6·R4·Q6·O3·Q10·C3·C4·D3·F3·E3·E4·F2·F17·C10
21,13,4,0.13,B:R16|W:D4|B:C16|W:Q4|B:O16|W:E16|B:E17|W:F17|B:D17|W:F16|B:C14|W:M17|B:R3|W:Q3|B:R4|W:R6|B:R5|W:Q5|B:S6|W:R2|B:S2,R16·D4·C16·Q4·O16·E16·E17·F17·D17·F16·C14·M17·R3·Q3·R4·R6·R5·Q5·S6·R2·S2
21,14,4,0.13,B:R16|W:Q4|B:C16|W:C4|B:K17|W:E16|B:D17|W:D13|B:E15|W:D10|B:P16|W:E4|B:R6|W:O4|B:Q10|W:J3|B:K15|W:Q17|B:R17|W:G15|B:E13,R16·Q4·C16·C4·K17·E16·D17·D13·E15·D10·P16·E4·R6·O4·Q10·J3·K15·Q17·R17·G15·E13
21,15,4,0.13,B:R16|W:Q4|B:D17|W:D4|B:D14|W:P17|B:Q14|W:L16|B:R3|W:R4|B:Q3|W:P4|B:P3|W:O3|B:O2|W:N3|B:N2|W:M3|B:C6|W:C12|B:C10,R16·Q4·D17·D4·D14·P17·Q14·L16·R3·R4·Q3·P4·P3·O3·O2·N3·N2·M3·C6·C12·C10
21,16,4,0.13,B:Q16|W:D4|B:Q3|W:D16|B:R9|W:O17|B:P17|W:O16|B:Q14|W:K16|B:C3|W:D3|B:C4|W:D5|B:B6|W:R12|B:Q11|W:R17|B:Q17|W:Q4|B:R4,Q16·D4·Q3·D16·R9·O17·P17·O16·Q14·K16·C3·D3·C4·D5·B6·R12·Q11·R17·Q17·Q4·R4
21,17,4,0.13,B:R16|W:D16|B:Q3|W:D4|B:C17|W:C16|B:D17|W:E16|B:F18|W:R5|B:Q8|W:P17|B:Q15|W:F3|B:C10|W:P4|B:Q4|W:Q5|B:P5|W:O4|B:P6,R16·D16·Q3·D4·C17·C16·D17·E16·F18·R5·Q8·P17·Q15·F3·C10·P4·Q4·Q5·P5·O4·P6
21,18,4,0.13,B:R16|W:D4|B:C16|W:R4|B:E17|W:P17|B:Q14|W:P4|B:C3|W:D3|B:C4|W:C6|B:C5|W:D5|B:B6|W:L16|B:C7|W:D6|B:C2|W:R12|B:L3,R16·D4·C16·R4·E17·P17·Q14·P4·C3·D3·C4·C6·C5·D5·B6·L16·C7·D6·C2·R12·L3
21,19,4,0.13,B:R16|W:D16|B:Q3|W:D4|B:O16|W:Q5|B:R5|W:R6|B:R4|W:Q6|B:O3|W:Q10|B:C3|W:D3|B:C4|W:C6|B:C5|W:D5|B:B6|W:C2|B:B2,R16·D16·Q3·D4·O16·Q5·R5·R6·R4·Q6·O3·Q10·C3·D3·C4·C6·C5·D5·B6·C2·B2
21,20,4,0.13,B:Q16|W:D16|B:R4|W:D4|B:O4|W:R17|B:R16|W:Q17|B:O17|W:P17|B:P16|W:O18|B:F3|W:Q12|B:N17|W:N18|B:M17|W:Q9|B:C6|W:F4|B:G4,Q16·D16·R4·D4·O4·R17·R16·Q17·O17·P17·P16·O18·F3·Q12·N17·N18·M17·Q9·C6·F4·G4
22,1,9,0.3,B:R16|W:D16|B:Q3|W:D4|B:O16|W:Q5|B:R5|W:R6|B:R4|W:Q6|B:O3|W:Q10|B:C17|W:D17|B:C16|W:C14|B:C15|W:D15|B:B14|W:C18|B:B18|W:B15,R16·D16·Q3·D4·O16·Q5·R5·R6·R4·Q6·O3·Q10·C17·D17·C16·C14·C15·D15·B14·C18·B18·B15
22,2,8,0.26,B:Q16|W:D16|B:R4|W:D4|B:P4|W:O4|B:O3|W:N3|B:N4|W:O5|B:N5|W:P3|B:O2|W:O6|B:P2|W:Q3|B:Q4|W:N2|B:Q2|W:L5|B:N6|W:N7,Q16·D16·R4·D4·P4·O4·O3·N3·N4·O5·N5·P3·O2·O6·P2·Q3·Q4·N2·Q2·L5·N6·N7
22,3,6,0.2,B:R16|W:D4|B:D17|W:Q4|B:D14|W:P16|B:P17|W:O17|B:Q17|W:O16|B:R14|W:K16|B:C3|W:C4|B:D3|W:F3|B:E3|W:E4|B:F2|W:B3|B:B2|W:E2,R16·D4·D17·Q4·D14·P16·P17·O17·Q17·O16·R14·K16·C3·C4·D3·F3·E3·E4·F2·B3·B2·E2
22,4,5,0.17,B:Q16|W:D4|B:R4|W:D17|B:P4|W:R17|B:Q17|W:R16|B:R14|W:R15|B:Q15|W:S14|B:R18|W:S18|B:S15|W:Q18|B:S17|W:R19|B:S16|W:R18|B:S13|W:Q14,Q16·D4·R4·D17·P4·R17·Q17·R16·R14·R15·Q15·S14·R18·S18·S15·Q18·S17·R19·S16·R18·S13·Q14
22,5,5,0.17,B:Q16|W:D16|B:Q3|W:D4|B:C3|W:D3|B:C4|W:D5|B:B6|W:R17|B:R16|W:Q17|B:P16|W:O17|B:O16|W:N17|B:P17|W:P18|B:O18|W:Q18|B:M17|W:N18,Q16·D16·Q3·D4·C3·D3·C4·D5·B6·R17·R16·Q17·P16·O17·O16·N17·P17·P18·O18·Q18·M17·N18
22,6,4,0.13,B:R16|W:D16|B:Q4|W:D3|B:C5|W:E4|B:F17|W:C8|B:C14|W:F16|B:G16|W:F15|B:D17|W:C17|B:E17|W:C16|B:C11|W:E12|B:D10|W:E8|B:H17|W:E10,R16·D16·Q4·D3·C5·E4·F17·C8·C14·F16·G16·F15·D17·C17·E17·C16·C11·E12·D10·E8·H17·E10
22,7,4,0.13,B:R16|W:D16|B:Q3|W:D4|B:R6|W:P17|B:Q14|W:Q4|B:P4|W:R3|B:R4|W:Q5|B:R5|W:P3|B:Q2|W:O4|B:P5|W:Q6|B:O3|W:R7|B:S7|W:P6,R16·D16·Q3·D4·R6·P17·Q14·Q4·P4·R3·R4·Q5·R5·P3·Q2·O4·P5·Q6·O3·R7·S7·P6
22,8,4,0.13,B:Q16|W:D4|B:C3|W:D3|B:C4|W:D5|B:B6|W:D16|B:Q4|W:R17|B:R16|W:Q17|B:O17|W:O18|B:N18|W:P17|B:O16|W:P16|B:P15|W:Q15|B:S15|W:Q14,Q16·D4·C3·D3·C4·D5·B6·D16·Q4·R17·R16·Q17·O17·O18·N18·P17·O16·P16·P15·Q15·S15·Q14
22,9,4,0.13,B:Q16|W:D4|B:Q3|W:D16|B:C3|W:D3|B:C4|W:D5|B:B6|W:R17|B:R16|W:Q17|B:P16|W:O17|B:S17|W:O16|B:F17|W:R5|B:C14|W:P4|B:P3|W:O4,Q16·D4·Q3·D16·C3·D3·C4·D5·B6·R17·R16·Q17·P16·O17·S17·O16·F17·R5·C14·P4·P3·O4
22,10,4,0.13,B:Q16|W:D4|B:Q3|W:D16|B:C3|W:D3|B:C4|W:D5|B:B6|W:R17|B:R16|W:Q17|B:P16|W:O17|B:R6|W:N18|B:N15|W:Q4|B:R4|W:P3|B:Q5|W:P4,Q16·D4·Q3·D16·C3·D3·C4·D5·B6·R17·R16·Q17·P16·O17·R6·N18·N15·Q4·R4·P3·Q5·P4
22,11,4,0.13,B:Q16|W:D16|B:Q4|W:D4|B:C3|W:D3|B:C4|W:D5|B:B6|W:R17|B:R16|W:Q17|B:O17|W:O18|B:N18|W:P17|B:O16|W:P16|B:P15|W:Q15|B:S15|W:Q14,Q16·D16·Q4·D4·C3·D3·C4·D5·B6·R17·R16·Q17·O17·O18·N18·P17·O16·P16·P15·Q15·S15·Q14
22,12,4,0.13,B:R16|W:D16|B:Q3|W:D4|B:O16|W:Q5|B:R5|W:R6|B:R4|W:Q6|B:O3|W:Q10|B:C3|W:C4|B:D3|W:F3|B:E3|W:E4|B:F2|W:F17|B:C10|W:C12,R16·D16·Q3·D4·O16·Q5·R5·R6·R4·Q6·O3·Q10·C3·C4·D3·F3·E3·E4·F2·F17·C10·C12
22,13,4,0.13,B:R16|W:D4|B:C16|W:Q4|B:O16|W:E16|B:E17|W:F17|B:D17|W:F16|B:C14|W:M17|B:R3|W:Q3|B:R4|W:R6|B:R5|W:Q5|B:S6|W:R2|B:S2|W:S5,R16·D4·C16·Q4·O16·E16·E17·F17·D17·F16·C14·M17·R3·Q3·R4·R6·R5·Q5·S6·R2·S2·S5
22,14,4,0.13,B:R16|W:Q4|B:C16|W:C4|B:K17|W:E16|B:D17|W:D13|B:E15|W:D10|B:P16|W:E4|B:R6|W:O4|B:Q10|W:J3|B:K15|W:Q17|B:R17|W:G15|B:E13|W:E12,R16·Q4·C16·C4·K17·E16·D17·D13·E15·D10·P16·E4·R6·O4·Q10·J3·K15·Q17·R17·G15·E13·E12
22,15,4,0.13,B:R16|W:Q4|B:D17|W:D4|B:D14|W:P17|B:Q14|W:L16|B:R3|W:R4|B:Q3|W:P4|B:P3|W:O3|B:O2|W:N3|B:N2|W:M3|B:C6|W:C12|B:C10|W:R12,R16·Q4·D17·D4·D14·P17·Q14·L16·R3·R4·Q3·P4·P3·O3·O2·N3·N2·M3·C6·C12·C10·R12
22,16,4,0.13,B:Q16|W:D4|B:Q3|W:D16|B:R9|W:O17|B:P17|W:O16|B:Q14|W:K16|B:C3|W:D3|B:C4|W:D5|B:B6|W:R12|B:Q11|W:R17|B:Q17|W:Q4|B:R4|W:P3,Q16·D4·Q3·D16·R9·O17·P17·O16·Q14·K16·C3·D3·C4·D5·B6·R12·Q11·R17·Q17·Q4·R4·P3
22,17,4,0.13,B:R16|W:D16|B:Q3|W:D4|B:C17|W:C16|B:D17|W:E16|B:F18|W:R5|B:Q8|W:P17|B:Q15|W:F3|B:C10|W:P4|B:Q4|W:Q5|B:P5|W:O4|B:P6|W:S3,R16·D16·Q3·D4·C17·C16·D17·E16·F18·R5·Q8·P17·Q15·F3·C10·P4·Q4·Q5·P5·O4·P6·S3
22,18,4,0.13,B:R16|W:D4|B:C16|W:R4|B:E17|W:P17|B:Q14|W:P4|B:C3|W:D3|B:C4|W:C6|B:C5|W:D5|B:B6|W:L16|B:C7|W:D6|B:C2|W:R12|B:L3|W:J3,R16·D4·C16·R4·E17·P17·Q14·P4·C3·D3·C4·C6·C5·D5·B6·L16·C7·D6·C2·R12·L3·J3
22,19,4,0.13,B:R16|W:D16|B:Q3|W:D4|B:O16|W:Q5|B:R5|W:R6|B:R4|W:Q6|B:O3|W:Q10|B:C3|W:D3|B:C4|W:C6|B:C5|W:D5|B:B6|W:C2|B:B2|W:B5,R16·D16·Q3·D4·O16·Q5·R5·R6·R4·Q6·O3·Q10·C3·D3·C4·C6·C5·D5·B6·C2·B2·B5
22,20,4,0.13,B:Q16|W:D16|B:R4|W:D4|B:O4|W:R17|B:R16|W:Q17|B:O17|W:P17|B:P16|W:O18|B:F3|W:Q12|B:N17|W:N18|B:M17|W:Q9|B:C6|W:F4|B:G4|W:F5,Q16·D16·R4·D4·O4·R17·R16·Q17·O17·P17·P16·O18·F3·Q12·N17·N18·M17·Q9·C6·F4·G4·F5
23,1,9,0.3,B:R16|W:D16|B:Q3|W:D4|B:O16|W:Q5|B:R5|W:R6|B:R4|W:Q6|B:O3|W:Q10|B:C17|W:D17|B:C16|W:C14|B:C15|W:D15|B:B14|W:C18|B:B18|W:B15|B:D18,R16·D16·Q3·D4·O16·Q5·R5·R6·R4·Q6·O3·Q10·C17·D17·C16·C14·C15·D15·B14·C18·B18·B15·D18
23,2,8,0.26,B:Q16|W:D16|B:R4|W:D4|B:P4|W:O4|B:O3|W:N3|B:N4|W:O5|B:N5|W:P3|B:O2|W:O6|B:P2|W:Q3|B:Q4|W:N2|B:Q2|W:L5|B:N6|W:N7|B:M6,Q16·D16·R4·D4·P4·O4·O3·N3·N4·O5·N5·P3·O2·O6·P2·Q3·Q4·N2·Q2·L5·N6·N7·M6
23,3,6,0.2,B:R16|W:D4|B:D17|W:Q4|B:D14|W:P16|B:P17|W:O17|B:Q17|W:O16|B:R14|W:K16|B:C3|W:C4|B:D3|W:F3|B:E3|W:E4|B:F2|W:B3|B:B2|W:E2|B:B4,R16·D4·D17·Q4·D14·P16·P17·O17·Q17·O16·R14·K16·C3·C4·D3·F3·E3·E4·F2·B3·B2·E2·B4
23,4,5,0.17,B:Q16|W:D4|B:R4|W:D17|B:P4|W:R17|B:Q17|W:R16|B:R14|W:R15|B:Q15|W:S14|B:R18|W:S18|B:S15|W:Q18|B:S17|W:R19|B:S16|W:R18|B:S13|W:Q14|B:R13,Q16·D4·R4·D17·P4·R17·Q17·R16·R14·R15·Q15·S14·R18·S18·S15·Q18·S17·R19·S16·R18·S13·Q14·R13
23,5,5,0.17,B:Q16|W:D16|B:Q3|W:D4|B:C3|W:D3|B:C4|W:D5|B:B6|W:R17|B:R16|W:Q17|B:P16|W:O17|B:O16|W:N17|B:P17|W:P18|B:O18|W:Q18|B:M17|W:N18|B:N16,Q16·D16·Q3·D4·C3·D3·C4·D5·B6·R17·R16·Q17·P16·O17·O16·N17·P17·P18·O18·Q18·M17·N18·N16
23,6,4,0.13,B:R16|W:D16|B:Q4|W:D3|B:C5|W:E4|B:F17|W:C8|B:C14|W:F16|B:G16|W:F15|B:D17|W:C17|B:E17|W:C16|B:C11|W:E12|B:D10|W:E8|B:H17|W:E10|B:B15,R16·D16·Q4·D3·C5·E4·F17·C8·C14·F16·G16·F15·D17·C17·E17·C16·C11·E12·D10·E8·H17·E10·B15
23,7,4,0.13,B:R16|W:D16|B:Q3|W:D4|B:R6|W:P17|B:Q14|W:Q4|B:P4|W:R3|B:R4|W:Q5|B:R5|W:P3|B:Q2|W:O4|B:P5|W:Q6|B:O3|W:R7|B:S7|W:P6|B:P2,R16·D16·Q3·D4·R6·P17·Q14·Q4·P4·R3·R4·Q5·R5·P3·Q2·O4·P5·Q6·O3·R7·S7·P6·P2
23,8,4,0.13,B:Q16|W:D4|B:C3|W:D3|B:C4|W:D5|B:B6|W:D16|B:Q4|W:R17|B:R16|W:Q17|B:O17|W:O18|B:N18|W:P17|B:O16|W:P16|B:P15|W:Q15|B:S15|W:Q14|B:P14,Q16·D4·C3·D3·C4·D5·B6·D16·Q4·R17·R16·Q17·O17·O18·N18·P17·O16·P16·P15·Q15·S15·Q14·P14
23,9,4,0.13,B:Q16|W:D4|B:Q3|W:D16|B:C3|W:D3|B:C4|W:D5|B:B6|W:R17|B:R16|W:Q17|B:P16|W:O17|B:S17|W:O16|B:F17|W:R5|B:C14|W:P4|B:P3|W:O4|B:N3,Q16·D4·Q3·D16·C3·D3·C4·D5·B6·R17·R16·Q17·P16·O17·S17·O16·F17·R5·C14·P4·P3·O4·N3
23,10,4,0.13,B:Q16|W:D4|B:Q3|W:D16|B:C3|W:D3|B:C4|W:D5|B:B6|W:R17|B:R16|W:Q17|B:P16|W:O17|B:R6|W:N18|B:N15|W:Q4|B:R4|W:P3|B:Q5|W:P4|B:Q2,Q16·D4·Q3·D16·C3·D3·C4·D5·B6·R17·R16·Q17·P16·O17·R6·N18·N15·Q4·R4·P3·Q5·P4·Q2
23,11,4,0.13,B:Q16|W:D16|B:Q4|W:D4|B:C3|W:D3|B:C4|W:D5|B:B6|W:R17|B:R16|W:Q17|B:O17|W:O18|B:N18|W:P17|B:O16|W:P16|B:P15|W:Q15|B:S15|W:Q14|B:P14,Q16·D16·Q4·D4·C3·D3·C4·D5·B6·R17·R16·Q17·O17·O18·N18·P17·O16·P16·P15·Q15·S15·Q14·P14
23,12,4,0.13,B:R16|W:D16|B:Q3|W:D4|B:O16|W:Q5|B:R5|W:R6|B:R4|W:Q6|B:O3|W:Q10|B:C3|W:C4|B:D3|W:F3|B:E3|W:E4|B:F2|W:F17|B:C10|W:C12|B:F4,R16·D16·Q3·D4·O16·Q5·R5·R6·R4·Q6·O3·Q10·C3·C4·D3·F3·E3·E4·F2·F17·C10·C12·F4
23,13,4,0.13,B:R16|W:D4|B:C16|W:Q4|B:O16|W:E16|B:E17|W:F17|B:D17|W:F16|B:C14|W:M17|B:R3|W:Q3|B:R4|W:R6|B:R5|W:Q5|B:S6|W:R2|B:S2|W:S5|B:Q2,R16·D4·C16·Q4·O16·E16·E17·F17·D17·F16·C14·M17·R3·Q3·R4·R6·R5·Q5·S6·R2·S2·S5·Q2
23,14,4,0.13,B:R16|W:Q4|B:C16|W:C4|B:K17|W:E16|B:D17|W:D13|B:E15|W:D10|B:P16|W:E4|B:R6|W:O4|B:Q10|W:J3|B:K15|W:Q17|B:R17|W:G15|B:E13|W:E12|B:F13,R16·Q4·C16·C4·K17·E16·D17·D13·E15·D10·P16·E4·R6·O4·Q10·J3·K15·Q17·R17·G15·E13·E12·F13
23,15,4,0.13,B:R16|W:Q4|B:D17|W:D4|B:D14|W:P17|B:Q14|W:L16|B:R3|W:R4|B:Q3|W:P4|B:P3|W:O3|B:O2|W:N3|B:N2|W:M3|B:C6|W:C12|B:C10|W:R12|B:F4,R16·Q4·D17·D4·D14·P17·Q14·L16·R3·R4·Q3·P4·P3·O3·O2·N3·N2·M3·C6·C12·C10·R12·F4
23,16,4,0.13,B:Q16|W:D4|B:Q3|W:D16|B:R9|W:O17|B:P17|W:O16|B:Q14|W:K16|B:C3|W:D3|B:C4|W:D5|B:B6|W:R12|B:Q11|W:R17|B:Q17|W:Q4|B:R4|W:P3|B:P4,Q16·D4·Q3·D16·R9·O17·P17·O16·Q14·K16·C3·D3·C4·D5·B6·R12·Q11·R17·Q17·Q4·R4·P3·P4
23,17,4,0.13,B:R16|W:D16|B:Q3|W:D4|B:C17|W:C16|B:D17|W:E16|B:F18|W:R5|B:Q8|W:P17|B:Q15|W:F3|B:C10|W:P4|B:Q4|W:Q5|B:P5|W:O4|B:P6|W:S3|B:P2,R16·D16·Q3·D4·C17·C16·D17·E16·F18·R5·Q8·P17·Q15·F3·C10·P4·Q4·Q5·P5·O4·P6·S3·P2
23,18,4,0.13,B:R16|W:D4|B:C16|W:R4|B:E17|W:P17|B:Q14|W:P4|B:C3|W:D3|B:C4|W:C6|B:C5|W:D5|B:B6|W:L16|B:C7|W:D6|B:C2|W:R12|B:L3|W:J3|B:N3,R16·D4·C16·R4·E17·P17·Q14·P4·C3·D3·C4·C6·C5·D5·B6·L16·C7·D6·C2·R12·L3·J3·N3
23,19,4,0.13,B:R16|W:D16|B:Q3|W:D4|B:O16|W:Q5|B:R5|W:R6|B:R4|W:Q6|B:O3|W:Q10|B:C3|W:D3|B:C4|W:C6|B:C5|W:D5|B:B6|W:C2|B:B2|W:B5|B:B4,R16·D16·Q3·D4·O16·Q5·R5·R6·R4·Q6·O3·Q10·C3·D3·C4·C6·C5·D5·B6·C2·B2·B5·B4
23,20,4,0.13,B:Q16|W:D16|B:R4|W:D4|B:O4|W:R17|B:R16|W:Q17|B:O17|W:P17|B:P16|W:O18|B:F3|W:Q12|B:N17|W:N18|B:M17|W:Q9|B:C6|W:F4|B:G4|W:F5|B:D3,Q16·D16·R4·D4·O4·R17·R16·Q17·O17·P17·P16·O18·F3·Q12·N17·N18·M17·Q9·C6·F4·G4·F5·D3
24,1,9,0.3,B:R16|W:D16|B:Q3|W:D4|B:O16|W:Q5|B:R5|W:R6|B:R4|W:Q6|B:O3|W:Q10|B:C17|W:D17|B:C16|W:C14|B:C15|W:D15|B:B14|W:C18|B:B18|W:B15|B:D18|W:B17,R16·D16·Q3·D4·O16·Q5·R5·R6·R4·Q6·O3·Q10·C17·D17·C16·C14·C15·D15·B14·C18·B18·B15·D18·B17
24,2,6,0.2,B:R16|W:D4|B:D17|W:Q4|B:D14|W:P16|B:P17|W:O17|B:Q17|W:O16|B:R14|W:K16|B:C3|W:C4|B:D3|W:F3|B:E3|W:E4|B:F2|W:B3|B:B2|W:E2|B:B4|W:C2,R16·D4·D17·Q4·D14·P16·P17·O17·Q17·O16·R14·K16·C3·C4·D3·F3·E3·E4·F2·B3·B2·E2·B4·C2
24,3,5,0.17,B:Q16|W:D4|B:R4|W:D17|B:P4|W:R17|B:Q17|W:R16|B:R14|W:R15|B:Q15|W:S14|B:R18|W:S18|B:S15|W:Q18|B:S17|W:R19|B:S16|W:R18|B:S13|W:Q14|B:R13|W:O17,Q16·D4·R4·D17·P4·R17·Q17·R16·R14·R15·Q15·S14·R18·S18·S15·Q18·S17·R19·S16·R18·S13·Q14·R13·O17
24,4,5,0.17,B:Q16|W:D16|B:Q3|W:D4|B:C3|W:D3|B:C4|W:D5|B:B6|W:R17|B:R16|W:Q17|B:P16|W:O17|B:O16|W:N17|B:P17|W:P18|B:O18|W:Q18|B:M17|W:N18|B:N16|W:M18,Q16·D16·Q3·D4·C3·D3·C4·D5·B6·R17·R16·Q17·P16·O17·O16·N17·P17·P18·O18·Q18·M17·N18·N16·M18
24,5,5,0.17,B:Q16|W:D16|B:R4|W:D4|B:P4|W:O4|B:O3|W:N3|B:N4|W:O5|B:N5|W:P3|B:O2|W:O6|B:P2|W:Q3|B:Q4|W:N2|B:Q2|W:L5|B:N6|W:N7|B:M6|W:O8,Q16·D16·R4·D4·P4·O4·O3·N3·N4·O5·N5·P3·O2·O6·P2·Q3·Q4·N2·Q2·L5·N6·N7·M6·O8
24,6,4,0.13,B:R16|W:D16|B:Q4|W:D3|B:C5|W:E4|B:F17|W:C8|B:C14|W:F16|B:G16|W:F15|B:D17|W:C17|B:E17|W:C16|B:C11|W:E12|B:D10|W:E8|B:H17|W:E10|B:B15|W:D14,R16·D16·Q4·D3·C5·E4·F17·C8·C14·F16·G16·F15·D17·C17·E17·C16·C11·E12·D10·E8·H17·E10·B15·D14
24,7,4,0.13,B:R16|W:D16|B:Q3|W:D4|B:R6|W:P17|B:Q14|W:Q4|B:P4|W:R3|B:R4|W:Q5|B:R5|W:P3|B:Q2|W:O4|B:P5|W:Q6|B:O3|W:R7|B:S7|W:P6|B:P2|W:S8,R16·D16·Q3·D4·R6·P17·Q14·Q4·P4·R3·R4·Q5·R5·P3·Q2·O4·P5·Q6·O3·R7·S7·P6·P2·S8
24,8,4,0.13,B:Q16|W:D4|B:C3|W:D3|B:C4|W:D5|B:B6|W:D16|B:Q4|W:R17|B:R16|W:Q17|B:O17|W:O18|B:N18|W:P17|B:O16|W:P16|B:P15|W:Q15|B:S15|W:Q14|B:P14|W:P13,Q16·D4·C3·D3·C4·D5·B6·D16·Q4·R17·R16·Q17·O17·O18·N18·P17·O16·P16·P15·Q15·S15·Q14·P14·P13
24,9,4,0.13,B:Q16|W:D4|B:Q3|W:D16|B:C3|W:D3|B:C4|W:D5|B:B6|W:R17|B:R16|W:Q17|B:P16|W:O17|B:S17|W:O16|B:F17|W:R5|B:C14|W:P4|B:P3|W:O4|B:N3|W:F16,Q16·D4·Q3·D16·C3·D3·C4·D5·B6·R17·R16·Q17·P16·O17·S17·O16·F17·R5·C14·P4·P3·O4·N3·F16
24,10,4,0.13,B:Q16|W:D4|B:Q3|W:D16|B:C3|W:D3|B:C4|W:D5|B:B6|W:R17|B:R16|W:Q17|B:P16|W:O17|B:R6|W:N18|B:N15|W:Q4|B:R4|W:P3|B:Q5|W:P4|B:Q2|W:R3,Q16·D4·Q3·D16·C3·D3·C4·D5·B6·R17·R16·Q17·P16·O17·R6·N18·N15·Q4·R4·P3·Q5·P4·Q2·R3
24,11,4,0.13,B:Q16|W:D16|B:Q4|W:D4|B:C3|W:D3|B:C4|W:D5|B:B6|W:R17|B:R16|W:Q17|B:O17|W:O18|B:N18|W:P17|B:O16|W:P16|B:P15|W:Q15|B:S15|W:Q14|B:P14|W:P13,Q16·D16·Q4·D4·C3·D3·C4·D5·B6·R17·R16·Q17·O17·O18·N18·P17·O16·P16·P15·Q15·S15·Q14·P14·P13
24,12,4,0.13,B:R16|W:D16|B:Q3|W:D4|B:O16|W:Q5|B:R5|W:R6|B:R4|W:Q6|B:O3|W:Q10|B:C3|W:C4|B:D3|W:F3|B:E3|W:E4|B:F2|W:F17|B:C10|W:C12|B:F4|W:G3,R16·D16·Q3·D4·O16·Q5·R5·R6·R4·Q6·O3·Q10·C3·C4·D3·F3·E3·E4·F2·F17·C10·C12·F4·G3
24,13,4,0.13,B:R16|W:D4|B:C16|W:Q4|B:O16|W:E16|B:E17|W:F17|B:D17|W:F16|B:C14|W:M17|B:R3|W:Q3|B:R4|W:R6|B:R5|W:Q5|B:S6|W:R2|B:S2|W:S5|B:Q2|W:S3,R16·D4·C16·Q4·O16·E16·E17·F17·D17·F16·C14·M17·R3·Q3·R4·R6·R5·Q5·S6·R2·S2·S5·Q2·S3
24,14,4,0.13,B:R16|W:Q4|B:C16|W:C4|B:K17|W:E16|B:D17|W:D13|B:E15|W:D10|B:P16|W:E4|B:R6|W:O4|B:Q10|W:J3|B:K15|W:Q17|B:R17|W:G15|B:E13|W:E12|B:F13|W:D15,R16·Q4·C16·C4·K17·E16·D17·D13·E15·D10·P16·E4·R6·O4·Q10·J3·K15·Q17·R17·G15·E13·E12·F13·D15
24,15,4,0.13,B:R16|W:Q4|B:D17|W:D4|B:D14|W:P17|B:Q14|W:L16|B:R3|W:R4|B:Q3|W:P4|B:P3|W:O3|B:O2|W:N3|B:N2|W:M3|B:C6|W:C12|B:C10|W:R12|B:F4|W:D6,R16·Q4·D17·D4·D14·P17·Q14·L16·R3·R4·Q3·P4·P3·O3·O2·N3·N2·M3·C6·C12·C10·R12·F4·D6
24,16,4,0.13,B:Q16|W:D4|B:Q3|W:D16|B:R9|W:O17|B:P17|W:O16|B:Q14|W:K16|B:C3|W:D3|B:C4|W:D5|B:B6|W:R12|B:Q11|W:R17|B:Q17|W:Q4|B:R4|W:P3|B:P4|W:Q5,Q16·D4·Q3·D16·R9·O17·P17·O16·Q14·K16·C3·D3·C4·D5·B6·R12·Q11·R17·Q17·Q4·R4·P3·P4·Q5
24,17,4,0.13,B:R16|W:D16|B:Q3|W:D4|B:C17|W:C16|B:D17|W:E16|B:F18|W:R5|B:Q8|W:P17|B:Q15|W:F3|B:C10|W:P4|B:Q4|W:Q5|B:P5|W:O4|B:P6|W:S3|B:P2|W:O2,R16·D16·Q3·D4·C17·C16·D17·E16·F18·R5·Q8·P17·Q15·F3·C10·P4·Q4·Q5·P5·O4·P6·S3·P2·O2
24,18,4,0.13,B:R16|W:D4|B:C16|W:R4|B:E17|W:P17|B:Q14|W:P4|B:C3|W:D3|B:C4|W:C6|B:C5|W:D5|B:B6|W:L16|B:C7|W:D6|B:C2|W:R12|B:L3|W:J3|B:N3|W:R17,R16·D4·C16·R4·E17·P17·Q14·P4·C3·D3·C4·C6·C5·D5·B6·L16·C7·D6·C2·R12·L3·J3·N3·R17
24,19,4,0.13,B:R16|W:D16|B:Q3|W:D4|B:O16|W:Q5|B:R5|W:R6|B:R4|W:Q6|B:O3|W:Q10|B:C3|W:D3|B:C4|W:C6|B:C5|W:D5|B:B6|W:C2|B:B2|W:B5|B:B4|W:B7,R16·D16·Q3·D4·O16·Q5·R5·R6·R4·Q6·O3·Q10·C3·D3·C4·C6·C5·D5·B6·C2·B2·B5·B4·B7
24,20,4,0.13,B:Q16|W:D16|B:R4|W:D4|B:O4|W:R17|B:R16|W:Q17|B:O17|W:P17|B:P16|W:O18|B:F3|W:Q12|B:N17|W:N18|B:M17|W:Q9|B:C6|W:F4|B:G4|W:F5|B:D3|W:G3,Q16·D16·R4·D4·O4·R17·R16·Q17·O17·P17·P16·O18·F3·Q12·N17·N18·M17·Q9·C6·F4·G4·F5·D3·G3
25,1,9,0.3,B:R16|W:D16|B:Q3|W:D4|B:O16|W:Q5|B:R5|W:R6|B:R4|W:Q6|B:O3|W:Q10|B:C17|W:D17|B:C16|W:C14|B:C15|W:D15|B:B14|W:C18|B:B18|W:B15|B:D18|W:B17|B:C19,R16·D16·Q3·D4·O16·Q5·R5·R6·R4·Q6·O3·Q10·C17·D17·C16·C14·C15·D15·B14·C18·B18·B15·D18·B17·C19
25,2,6,0.2,B:R16|W:D4|B:D17|W:Q4|B:D14|W:P16|B:P17|W:O17|B:Q17|W:O16|B:R14|W:K16|B:C3|W:C4|B:D3|W:F3|B:E3|W:E4|B:F2|W:B3|B:B2|W:E2|B:B4|W:C2|B:A3,R16·D4·D17·Q4·D14·P16·P17·O17·Q17·O16·R14·K16·C3·C4·D3·F3·E3·E4·F2·B3·B2·E2·B4·C2·A3
25,3,5,0.17,B:Q16|W:D4|B:R4|W:D17|B:P4|W:R17|B:Q17|W:R16|B:R14|W:R15|B:Q15|W:S14|B:R18|W:S18|B:S15|W:Q18|B:S17|W:R19|B:S16|W:R18|B:S13|W:Q14|B:R13|W:O17|B:O14,Q16·D4·R4·D17·P4·R17·Q17·R16·R14·R15·Q15·S14·R18·S18·S15·Q18·S17·R19·S16·R18·S13·Q14·R13·O17·O14
25,4,4,0.13,B:R16|W:D16|B:Q4|W:D3|B:C5|W:E4|B:F17|W:C8|B:C14|W:F16|B:G16|W:F15|B:D17|W:C17|B:E17|W:C16|B:C11|W:E12|B:D10|W:E8|B:H17|W:E10|B:B15|W:D14|B:D9,R16·D16·Q4·D3·C5·E4·F17·C8·C14·F16·G16·F15·D17·C17·E17·C16·C11·E12·D10·E8·H17·E10·B15·D14·D9
25,5,4,0.13,B:R16|W:D16|B:Q3|W:D4|B:R6|W:P17|B:Q14|W:Q4|B:P4|W:R3|B:R4|W:Q5|B:R5|W:P3|B:Q2|W:O4|B:P5|W:Q6|B:O3|W:R7|B:S7|W:P6|B:P2|W:S8|B:R8,R16·D16·Q3·D4·R6·P17·Q14·Q4·P4·R3·R4·Q5·R5·P3·Q2·O4·P5·Q6·O3·R7·S7·P6·P2·S8·R8
25,6,4,0.13,B:Q16|W:D4|B:Q3|W:D16|B:C3|W:D3|B:C4|W:D5|B:B6|W:R17|B:R16|W:Q17|B:P16|W:O17|B:S17|W:O16|B:F17|W:R5|B:C14|W:P4|B:P3|W:O4|B:N3|W:F16|B:G16,Q16·D4·Q3·D16·C3·D3·C4·D5·B6·R17·R16·Q17·P16·O17·S17·O16·F17·R5·C14·P4·P3·O4·N3·F16·G16
25,7,4,0.13,B:Q16|W:D4|B:Q3|W:D16|B:C3|W:D3|B:C4|W:D5|B:B6|W:R17|B:R16|W:Q17|B:P16|W:O17|B:R6|W:N18|B:N15|W:Q4|B:R4|W:P3|B:Q5|W:P4|B:Q2|W:R3|B:R2,Q16·D4·Q3·D16·C3·D3·C4·D5·B6·R17·R16·Q17·P16·O17·R6·N18·N15·Q4·R4·P3·Q5·P4·Q2·R3·R2
25,8,4,0.13,B:Q16|W:D16|B:Q4|W:D4|B:C3|W:D3|B:C4|W:D5|B:B6|W:R17|B:R16|W:Q17|B:O17|W:O18|B:N18|W:P17|B:O16|W:P16|B:P15|W:Q15|B:S15|W:Q14|B:P14|W:P13|B:O13,Q16·D16·Q4·D4·C3·D3·C4·D5·B6·R17·R16·Q17·O17·O18·N18·P17·O16·P16·P15·Q15·S15·Q14·P14·P13·O13
25,9,4,0.13,B:R16|W:D16|B:Q3|W:D4|B:O16|W:Q5|B:R5|W:R6|B:R4|W:Q6|B:O3|W:Q10|B:C3|W:C4|B:D3|W:F3|B:E3|W:E4|B:F2|W:F17|B:C10|W:C12|B:F4|W:G3|B:G2,R16·D16·Q3·D4·O16·Q5·R5·R6·R4·Q6·O3·Q10·C3·C4·D3·F3·E3·E4·F2·F17·C10·C12·F4·G3·G2
25,10,4,0.13,B:R16|W:D4|B:C16|W:Q4|B:O16|W:E16|B:E17|W:F17|B:D17|W:F16|B:C14|W:M17|B:R3|W:Q3|B:R4|W:R6|B:R5|W:Q5|B:S6|W:R2|B:S2|W:S5|B:Q2|W:S3|B:R1,R16·D4·C16·Q4·O16·E16·E17·F17·D17·F16·C14·M17·R3·Q3·R4·R6·R5·Q5·S6·R2·S2·S5·Q2·S3·R1
25,11,4,0.13,B:R16|W:Q4|B:C16|W:C4|B:K17|W:E16|B:D17|W:D13|B:E15|W:D10|B:P16|W:E4|B:R6|W:O4|B:Q10|W:J3|B:K15|W:Q17|B:R17|W:G15|B:E13|W:E12|B:F13|W:D15|B:D14,R16·Q4·C16·C4·K17·E16·D17·D13·E15·D10·P16·E4·R6·O4·Q10·J3·K15·Q17·R17·G15·E13·E12·F13·D15·D14
25,12,4,0.13,B:R16|W:Q4|B:D17|W:D4|B:D14|W:P17|B:Q14|W:L16|B:R3|W:R4|B:Q3|W:P4|B:P3|W:O3|B:O2|W:N3|B:N2|W:M3|B:C6|W:C12|B:C10|W:R12|B:F4|W:D6|B:D7,R16·Q4·D17·D4·D14·P17·Q14·L16·R3·R4·Q3·P4·P3·O3·O2·N3·N2·M3·C6·C12·C10·R12·F4·D6·D7
25,13,4,0.13,B:Q16|W:D4|B:Q3|W:D16|B:R9|W:O17|B:P17|W:O16|B:Q14|W:K16|B:C3|W:D3|B:C4|W:D5|B:B6|W:R12|B:Q11|W:R17|B:Q17|W:Q4|B:R4|W:P3|B:P4|W:Q5|B:O3,Q16·D4·Q3·D16·R9·O17·P17·O16·Q14·K16·C3·D3·C4·D5·B6·R12·Q11·R17·Q17·Q4·R4·P3·P4·Q5·O3
25,14,4,0.13,B:R16|W:D16|B:Q3|W:D4|B:C17|W:C16|B:D17|W:E16|B:F18|W:R5|B:Q8|W:P17|B:Q15|W:F3|B:C10|W:P4|B:Q4|W:Q5|B:P5|W:O4|B:P6|W:S3|B:P2|W:O2|B:N2,R16·D16·Q3·D4·C17·C16·D17·E16·F18·R5·Q8·P17·Q15·F3·C10·P4·Q4·Q5·P5·O4·P6·S3·P2·O2·N2
25,15,4,0.13,B:R16|W:D4|B:C16|W:R4|B:E17|W:P17|B:Q14|W:P4|B:C3|W:D3|B:C4|W:C6|B:C5|W:D5|B:B6|W:L16|B:C7|W:D6|B:C2|W:R12|B:L3|W:J3|B:N3|W:R17|B:S17,R16·D4·C16·R4·E17·P17·Q14·P4·C3·D3·C4·C6·C5·D5·B6·L16·C7·D6·C2·R12·L3·J3·N3·R17·S17
25,16,4,0.13,B:R16|W:D16|B:Q3|W:D4|B:O16|W:Q5|B:R5|W:R6|B:R4|W:Q6|B:O3|W:Q10|B:C3|W:D3|B:C4|W:C6|B:C5|W:D5|B:B6|W:C2|B:B2|W:B5|B:B4|W:B7|B:A5,R16·D16·Q3·D4·O16·Q5·R5·R6·R4·Q6·O3·Q10·C3·D3·C4·C6·C5·D5·B6·C2·B2·B5·B4·B7·A5
25,17,4,0.13,B:Q16|W:D16|B:R4|W:D4|B:O4|W:R17|B:R16|W:Q17|B:O17|W:P17|B:P16|W:O18|B:F3|W:Q12|B:N17|W:N18|B:M17|W:Q9|B:C6|W:F4|B:G4|W:F5|B:D3|W:G3|B:E3,Q16·D16·R4·D4·O4·R17·R16·Q17·O17·P17·P16·O18·F3·Q12·N17·N18·M17·Q9·C6·F4·G4·F5·D3·G3·E3
25,18,4,0.13,B:Q16|W:D16|B:Q3|W:D4|B:C3|W:D3|B:C4|W:D5|B:B6|W:R17|B:R16|W:Q17|B:P16|W:O17|B:O16|W:N17|B:P17|W:P18|B:O18|W:Q18|B:M17|W:N18|B:N16|W:M18|B:R9,Q16·D16·Q3·D4·C3·D3·C4·D5·B6·R17·R16·Q17·P16·O17·O16·N17·P17·P18·O18·Q18·M17·N18·N16·M18·R9
25,19,4,0.13,B:Q16|W:D16|B:R4|W:D4|B:P4|W:O4|B:O3|W:N3|B:N4|W:O5|B:N5|W:P3|B:O2|W:O6|B:P2|W:Q3|B:Q4|W:N2|B:Q2|W:L5|B:N6|W:N7|B:M6|W:O8|B:M7,Q16·D16·R4·D4·P4·O4·O3·N3·N4·O5·N5·P3·O2·O6·P2·Q3·Q4·N2·Q2·L5·N6·N7·M6·O8·M7
25,20,4,0.13,B:Q16|W:D16|B:Q3|W:D4|B:Q5|W:R17|B:R16|W:Q17|B:O17|W:P17|B:P16|W:O18|B:C3|W:C4|B:D3|W:F3|B:E3|W:E4|B:F2|W:G3|B:G2|W:H3|B:C14|W:D10|B:B16,Q16·D16·Q3·D4·Q5·R17·R16·Q17·O17·P17·P16·O18·C3·C4·D3·F3·E3·E4·F2·G3·G2·H3·C14·D10·B16
26,1,9,0.3,B:R16|W:D16|B:Q3|W:D4|B:O16|W:Q5|B:R5|W:R6|B:R4|W:Q6|B:O3|W:Q10|B:C17|W:D17|B:C16|W:C14|B:C15|W:D15|B:B14|W:C18|B:B18|W:B15|B:D18|W:B17|B:C19|W:B16,R16·D16·Q3·D4·O16·Q5·R5·R6·R4·Q6·O3·Q10·C17·D17·C16·C14·C15·D15·B14·C18·B18·B15·D18·B17·C19·B16
26,2,6,0.2,B:R16|W:D4|B:D17|W:Q4|B:D14|W:P16|B:P17|W:O17|B:Q17|W:O16|B:R14|W:K16|B:C3|W:C4|B:D3|W:F3|B:E3|W:E4|B:F2|W:B3|B:B2|W:E2|B:B4|W:C2|B:A3|W:D2,R16·D4·D17·Q4·D14·P16·P17·O17·Q17·O16·R14·K16·C3·C4·D3·F3·E3·E4·F2·B3·B2·E2·B4·C2·A3·D2
26,3,5,0.17,B:Q16|W:D4|B:R4|W:D17|B:P4|W:R17|B:Q17|W:R16|B:R14|W:R15|B:Q15|W:S14|B:R18|W:S18|B:S15|W:Q18|B:S17|W:R19|B:S16|W:R18|B:S13|W:Q14|B:R13|W:O17|B:O14|W:M16,Q16·D4·R4·D17·P4·R17·Q17·R16·R14·R15·Q15·S14·R18·S18·S15·Q18·S17·R19·S16·R18·S13·Q14·R13·O17·O14·M16
26,4,4,0.13,B:R16|W:D16|B:Q4|W:D3|B:C5|W:E4|B:F17|W:C8|B:C14|W:F16|B:G16|W:F15|B:D17|W:C17|B:E17|W:C16|B:C11|W:E12|B:D10|W:E8|B:H17|W:E10|B:B15|W:D14|B:D9|W:D8,R16·D16·Q4·D3·C5·E4·F17·C8·C14·F16·G16·F15·D17·C17·E17·C16·C11·E12·D10·E8·H17·E10·B15·D14·D9·D8
26,5,4,0.13,B:R16|W:D16|B:Q3|W:D4|B:R6|W:P17|B:Q14|W:Q4|B:P4|W:R3|B:R4|W:Q5|B:R5|W:P3|B:Q2|W:O4|B:P5|W:Q6|B:O3|W:R7|B:S7|W:P6|B:P2|W:S8|B:R8|W:Q7,R16·D16·Q3·D4·R6·P17·Q14·Q4·P4·R3·R4·Q5·R5·P3·Q2·O4·P5·Q6·O3·R7·S7·P6·P2·S8·R8·Q7
26,6,4,0.13,B:Q16|W:D4|B:Q3|W:D16|B:C3|W:D3|B:C4|W:D5|B:B6|W:R17|B:R16|W:Q17|B:P16|W:O17|B:S17|W:O16|B:F17|W:R5|B:C14|W:P4|B:P3|W:O4|B:N3|W:F16|B:G16|W:F15,Q16·D4·Q3·D16·C3·D3·C4·D5·B6·R17·R16·Q17·P16·O17·S17·O16·F17·R5·C14·P4·P3·O4·N3·F16·G16·F15
26,7,4,0.13,B:Q16|W:D4|B:Q3|W:D16|B:C3|W:D3|B:C4|W:D5|B:B6|W:R17|B:R16|W:Q17|B:P16|W:O17|B:R6|W:N18|B:N15|W:Q4|B:R4|W:P3|B:Q5|W:P4|B:Q2|W:R3|B:R2|W:L3,Q16·D4·Q3·D16·C3·D3·C4·D5·B6·R17·R16·Q17·P16·O17·R6·N18·N15·Q4·R4·P3·Q5·P4·Q2·R3·R2·L3
26,8,4,0.13,B:Q16|W:D16|B:Q4|W:D4|B:C3|W:D3|B:C4|W:D5|B:B6|W:R17|B:R16|W:Q17|B:O17|W:O18|B:N18|W:P17|B:O16|W:P16|B:P15|W:Q15|B:S15|W:Q14|B:P14|W:P13|B:O13|W:R13,Q16·D16·Q4·D4·C3·D3·C4·D5·B6·R17·R16·Q17·O17·O18·N18·P17·O16·P16·P15·Q15·S15·Q14·P14·P13·O13·R13
26,9,4,0.13,B:R16|W:D16|B:Q3|W:D4|B:O16|W:Q5|B:R5|W:R6|B:R4|W:Q6|B:O3|W:Q10|B:C3|W:C4|B:D3|W:F3|B:E3|W:E4|B:F2|W:F17|B:C10|W:C12|B:F4|W:G3|B:G2|W:F5,R16·D16·Q3·D4·O16·Q5·R5·R6·R4·Q6·O3·Q10·C3·C4·D3·F3·E3·E4·F2·F17·C10·C12·F4·G3·G2·F5
26,10,4,0.13,B:R16|W:D4|B:C16|W:Q4|B:O16|W:E16|B:E17|W:F17|B:D17|W:F16|B:C14|W:M17|B:R3|W:Q3|B:R4|W:R6|B:R5|W:Q5|B:S6|W:R2|B:S2|W:S5|B:Q2|W:S3|B:R1|W:S4,R16·D4·C16·Q4·O16·E16·E17·F17·D17·F16·C14·M17·R3·Q3·R4·R6·R5·Q5·S6·R2·S2·S5·Q2·S3·R1·S4
26,11,4,0.13,B:R16|W:Q4|B:C16|W:C4|B:K17|W:E16|B:D17|W:D13|B:E15|W:D10|B:P16|W:E4|B:R6|W:O4|B:Q10|W:J3|B:K15|W:Q17|B:R17|W:G15|B:E13|W:E12|B:F13|W:D15|B:D14|W:C14,R16·Q4·C16·C4·K17·E16·D17·D13·E15·D10·P16·E4·R6·O4·Q10·J3·K15·Q17·R17·G15·E13·E12·F13·D15·D14·C14
26,12,4,0.13,B:R16|W:Q4|B:D17|W:D4|B:D14|W:P17|B:Q14|W:L16|B:R3|W:R4|B:Q3|W:P4|B:P3|W:O3|B:O2|W:N3|B:N2|W:M3|B:C6|W:C12|B:C10|W:R12|B:F4|W:D6|B:D7|W:E6,R16·Q4·D17·D4·D14·P17·Q14·L16·R3·R4·Q3·P4·P3·O3·O2·N3·N2·M3·C6·C12·C10·R12·F4·D6·D7·E6
26,13,4,0.13,B:Q16|W:D4|B:Q3|W:D16|B:R9|W:O17|B:P17|W:O16|B:Q14|W:K16|B:C3|W:D3|B:C4|W:D5|B:B6|W:R12|B:Q11|W:R17|B:Q17|W:Q4|B:R4|W:P3|B:P4|W:Q5|B:O3|W:P2,Q16·D4·Q3·D16·R9·O17·P17·O16·Q14·K16·C3·D3·C4·D5·B6·R12·Q11·R17·Q17·Q4·R4·P3·P4·Q5·O3·P2
26,14,4,0.13,B:R16|W:D16|B:Q3|W:D4|B:C17|W:C16|B:D17|W:E16|B:F18|W:R5|B:Q8|W:P17|B:Q15|W:F3|B:C10|W:P4|B:Q4|W:Q5|B:P5|W:O4|B:P6|W:S3|B:P2|W:O2|B:N2|W:N3,R16·D16·Q3·D4·C17·C16·D17·E16·F18·R5·Q8·P17·Q15·F3·C10·P4·Q4·Q5·P5·O4·P6·S3·P2·O2·N2·N3
26,15,4,0.13,B:R16|W:D4|B:C16|W:R4|B:E17|W:P17|B:Q14|W:P4|B:C3|W:D3|B:C4|W:C6|B:C5|W:D5|B:B6|W:L16|B:C7|W:D6|B:C2|W:R12|B:L3|W:J3|B:N3|W:R17|B:S17|W:R18,R16·D4·C16·R4·E17·P17·Q14·P4·C3·D3·C4·C6·C5·D5·B6·L16·C7·D6·C2·R12·L3·J3·N3·R17·S17·R18
26,16,4,0.13,B:R16|W:D16|B:Q3|W:D4|B:O16|W:Q5|B:R5|W:R6|B:R4|W:Q6|B:O3|W:Q10|B:C3|W:D3|B:C4|W:C6|B:C5|W:D5|B:B6|W:C2|B:B2|W:B5|B:B4|W:B7|B:A5|W:C7,R16·D16·Q3·D4·O16·Q5·R5·R6·R4·Q6·O3·Q10·C3·D3·C4·C6·C5·D5·B6·C2·B2·B5·B4·B7·A5·C7
26,17,4,0.13,B:Q16|W:D16|B:R4|W:D4|B:O4|W:R17|B:R16|W:Q17|B:O17|W:P17|B:P16|W:O18|B:F3|W:Q12|B:N17|W:N18|B:M17|W:Q9|B:C6|W:F4|B:G4|W:F5|B:D3|W:G3|B:E3|W:H4,Q16·D16·R4·D4·O4·R17·R16·Q17·O17·P17·P16·O18·F3·Q12·N17·N18·M17·Q9·C6·F4·G4·F5·D3·G3·E3·H4
26,18,4,0.13,B:Q16|W:D16|B:Q3|W:D4|B:Q5|W:R17|B:R16|W:Q17|B:O17|W:P17|B:P16|W:O18|B:C3|W:C4|B:D3|W:F3|B:E3|W:E4|B:F2|W:G3|B:G2|W:H3|B:C14|W:D10|B:B16|W:C17,Q16·D16·Q3·D4·Q5·R17·R16·Q17·O17·P17·P16·O18·C3·C4·D3·F3·E3·E4·F2·G3·G2·H3·C14·D10·B16·C17
26,19,4,0.13,B:R16|W:D4|B:D17|W:R4|B:D14|W:P17|B:Q14|W:L16|B:P3|W:Q5|B:C3|W:D3|B:C4|W:D5|B:B6|W:M3|B:O4|W:M5|B:O6|W:Q8|B:R2|W:S2|B:H4|W:H6|B:K3|W:K6,R16·D4·D17·R4·D14·P17·Q14·L16·P3·Q5·C3·D3·C4·D5·B6·M3·O4·M5·O6·Q8·R2·S2·H4·H6·K3·K6
26,20,3,0.1,B:Q16|W:D4|B:Q3|W:D16|B:C3|W:D3|B:C4|W:C5|B:B5|W:B6|B:C6|W:D5|B:B7|W:B4|B:A6|W:B3|B:Q6|W:R17|B:R16|W:Q17|B:P16|W:O18|B:K4|W:N17|B:Q11|W:C14,Q16·D4·Q3·D16·C3·D3·C4·C5·B5·B6·C6·D5·B7·B4·A6·B3·Q6·R17·R16·Q17·P16·O18·K4·N17·Q11·C14
27,1,9,0.3,B:R16|W:D16|B:Q3|W:D4|B:O16|W:Q5|B:R5|W:R6|B:R4|W:Q6|B:O3|W:Q10|B:C17|W:D17|B:C16|W:C14|B:C15|W:D15|B:B14|W:C18|B:B18|W:B15|B:D18|W:B17|B:C19|W:B16|B:C18,R16·D16·Q3·D4·O16·Q5·R5·R6·R4·Q6·O3·Q10·C17·D17·C16·C14·C15·D15·B14·C18·B18·B15·D18·B17·C19·B16·C18
27,2,6,0.2,B:R16|W:D4|B:D17|W:Q4|B:D14|W:P16|B:P17|W:O17|B:Q17|W:O16|B:R14|W:K16|B:C3|W:C4|B:D3|W:F3|B:E3|W:E4|B:F2|W:B3|B:B2|W:E2|B:B4|W:C2|B:A3|W:D2|B:B3,R16·D4·D17·Q4·D14·P16·P17·O17·Q17·O16·R14·K16·C3·C4·D3·F3·E3·E4·F2·B3·B2·E2·B4·C2·A3·D2·B3
27,3,5,0.17,B:Q16|W:D4|B:R4|W:D17|B:P4|W:R17|B:Q17|W:R16|B:R14|W:R15|B:Q15|W:S14|B:R18|W:S18|B:S15|W:Q18|B:S17|W:R19|B:S16|W:R18|B:S13|W:Q14|B:R13|W:O17|B:O14|W:M16|B:C15,Q16·D4·R4·D17·P4·R17·Q17·R16·R14·R15·Q15·S14·R18·S18·S15·Q18·S17·R19·S16·R18·S13·Q14·R13·O17·O14·M16·C15
27,4,4,0.13,B:R16|W:D16|B:Q4|W:D3|B:C5|W:E4|B:F17|W:C8|B:C14|W:F16|B:G16|W:F15|B:D17|W:C17|B:E17|W:C16|B:C11|W:E12|B:D10|W:E8|B:H17|W:E10|B:B15|W:D14|B:D9|W:D8|B:E9,R16·D16·Q4·D3·C5·E4·F17·C8·C14·F16·G16·F15·D17·C17·E17·C16·C11·E12·D10·E8·H17·E10·B15·D14·D9·D8·E9
27,5,4,0.13,B:R16|W:D16|B:Q3|W:D4|B:R6|W:P17|B:Q14|W:Q4|B:P4|W:R3|B:R4|W:Q5|B:R5|W:P3|B:Q2|W:O4|B:P5|W:Q6|B:O3|W:R7|B:S7|W:P6|B:P2|W:S8|B:R8|W:Q7|B:S6,R16·D16·Q3·D4·R6·P17·Q14·Q4·P4·R3·R4·Q5·R5·P3·Q2·O4·P5·Q6·O3·R7·S7·P6·P2·S8·R8·Q7·S6
27,6,4,0.13,B:Q16|W:D4|B:Q3|W:D16|B:C3|W:D3|B:C4|W:D5|B:B6|W:R17|B:R16|W:Q17|B:P16|W:O17|B:S17|W:O16|B:F17|W:R5|B:C14|W:P4|B:P3|W:O4|B:N3|W:F16|B:G16|W:F15|B:E17,Q16·D4·Q3·D16·C3·D3·C4·D5·B6·R17·R16·Q17·P16·O17·S17·O16·F17·R5·C14·P4·P3·O4·N3·F16·G16·F15·E17
27,7,4,0.13,B:Q16|W:D4|B:Q3|W:D16|B:C3|W:D3|B:C4|W:D5|B:B6|W:R17|B:R16|W:Q17|B:P16|W:O17|B:R6|W:N18|B:N15|W:Q4|B:R4|W:P3|B:Q5|W:P4|B:Q2|W:R3|B:R2|W:L3|B:C7,Q16·D4·Q3·D16·C3·D3·C4·D5·B6·R17·R16·Q17·P16·O17·R6·N18·N15·Q4·R4·P3·Q5·P4·Q2·R3·R2·L3·C7
27,8,4,0.13,B:Q16|W:D16|B:Q4|W:D4|B:C3|W:D3|B:C4|W:D5|B:B6|W:R17|B:R16|W:Q17|B:O17|W:O18|B:N18|W:P17|B:O16|W:P16|B:P15|W:Q15|B:S15|W:Q14|B:P14|W:P13|B:O13|W:R13|B:S17,Q16·D16·Q4·D4·C3·D3·C4·D5·B6·R17·R16·Q17·O17·O18·N18·P17·O16·P16·P15·Q15·S15·Q14·P14·P13·O13·R13·S17
27,9,4,0.13,B:R16|W:D16|B:Q3|W:D4|B:O16|W:Q5|B:R5|W:R6|B:R4|W:Q6|B:O3|W:Q10|B:C3|W:C4|B:D3|W:F3|B:E3|W:E4|B:F2|W:F17|B:C10|W:C12|B:F4|W:G3|B:G2|W:F5|B:G4,R16·D16·Q3·D4·O16·Q5·R5·R6·R4·Q6·O3·Q10·C3·C4·D3·F3·E3·E4·F2·F17·C10·C12·F4·G3·G2·F5·G4
27,10,4,0.13,B:R16|W:D4|B:C16|W:Q4|B:O16|W:E16|B:E17|W:F17|B:D17|W:F16|B:C14|W:M17|B:R3|W:Q3|B:R4|W:R6|B:R5|W:Q5|B:S6|W:R2|B:S2|W:S5|B:Q2|W:S3|B:R1|W:S4|B:R2,R16·D4·C16·Q4·O16·E16·E17·F17·D17·F16·C14·M17·R3·Q3·R4·R6·R5·Q5·S6·R2·S2·S5·Q2·S3·R1·S4·R2
27,11,4,0.13,B:R16|W:Q4|B:C16|W:C4|B:K17|W:E16|B:D17|W:D13|B:E15|W:D10|B:P16|W:E4|B:R6|W:O4|B:Q10|W:J3|B:K15|W:Q17|B:R17|W:G15|B:E13|W:E12|B:F13|W:D15|B:D14|W:C14|B:E14,R16·Q4·C16·C4·K17·E16·D17·D13·E15·D10·P16·E4·R6·O4·Q10·J3·K15·Q17·R17·G15·E13·E12·F13·D15·D14·C14·E14
27,12,4,0.13,B:R16|W:Q4|B:D17|W:D4|B:D14|W:P17|B:Q14|W:L16|B:R3|W:R4|B:Q3|W:P4|B:P3|W:O3|B:O2|W:N3|B:N2|W:M3|B:C6|W:C12|B:C10|W:R12|B:F4|W:D6|B:D7|W:E6|B:C5,R16·Q4·D17·D4·D14·P17·Q14·L16·R3·R4·Q3·P4·P3·O3·O2·N3·N2·M3·C6·C12·C10·R12·F4·D6·D7·E6·C5
27,13,4,0.13,B:Q16|W:D4|B:Q3|W:D16|B:R9|W:O17|B:P17|W:O16|B:Q14|W:K16|B:C3|W:D3|B:C4|W:D5|B:B6|W:R12|B:Q11|W:R17|B:Q17|W:Q4|B:R4|W:P3|B:P4|W:Q5|B:O3|W:P2|B:R3,Q16·D4·Q3·D16·R9·O17·P17·O16·Q14·K16·C3·D3·C4·D5·B6·R12·Q11·R17·Q17·Q4·R4·P3·P4·Q5·O3·P2·R3
27,14,4,0.13,B:R16|W:D16|B:Q3|W:D4|B:C17|W:C16|B:D17|W:E16|B:F18|W:R5|B:Q8|W:P17|B:Q15|W:F3|B:C10|W:P4|B:Q4|W:Q5|B:P5|W:O4|B:P6|W:S3|B:P2|W:O2|B:N2|W:N3|B:O1,R16·D16·Q3·D4·C17·C16·D17·E16·F18·R5·Q8·P17·Q15·F3·C10·P4·Q4·Q5·P5·O4·P6·S3·P2·O2·N2·N3·O1
27,15,4,0.13,B:R16|W:D4|B:C16|W:R4|B:E17|W:P17|B:Q14|W:P4|B:C3|W:D3|B:C4|W:C6|B:C5|W:D5|B:B6|W:L16|B:C7|W:D6|B:C2|W:R12|B:L3|W:J3|B:N3|W:R17|B:S17|W:R18|B:O16,R16·D4·C16·R4·E17·P17·Q14·P4·C3·D3·C4·C6·C5·D5·B6·L16·C7·D6·C2·R12·L3·J3·N3·R17·S17·R18·O16
27,16,4,0.13,B:R16|W:D16|B:Q3|W:D4|B:O16|W:Q5|B:R5|W:R6|B:R4|W:Q6|B:O3|W:Q10|B:C3|W:D3|B:C4|W:C6|B:C5|W:D5|B:B6|W:C2|B:B2|W:B5|B:B4|W:B7|B:A5|W:C7|B:C17,R16·D16·Q3·D4·O16·Q5·R5·R6·R4·Q6·O3·Q10·C3·D3·C4·C6·C5·D5·B6·C2·B2·B5·B4·B7·A5·C7·C17
27,17,4,0.13,B:Q16|W:D16|B:R4|W:D4|B:O4|W:R17|B:R16|W:Q17|B:O17|W:P17|B:P16|W:O18|B:F3|W:Q12|B:N17|W:N18|B:M17|W:Q9|B:C6|W:F4|B:G4|W:F5|B:D3|W:G3|B:E3|W:H4|B:C4,Q16·D16·R4·D4·O4·R17·R16·Q17·O17·P17·P16·O18·F3·Q12·N17·N18·M17·Q9·C6·F4·G4·F5·D3·G3·E3·H4·C4
27,18,4,0.13,B:Q16|W:D16|B:Q3|W:D4|B:Q5|W:R17|B:R16|W:Q17|B:O17|W:P17|B:P16|W:O18|B:C3|W:C4|B:D3|W:F3|B:E3|W:E4|B:F2|W:G3|B:G2|W:H3|B:C14|W:D10|B:B16|W:C17|B:C12,Q16·D16·Q3·D4·Q5·R17·R16·Q17·O17·P17·P16·O18·C3·C4·D3·F3·E3·E4·F2·G3·G2·H3·C14·D10·B16·C17·C12
27,19,4,0.13,B:R16|W:D4|B:D17|W:R4|B:D14|W:P17|B:Q14|W:L16|B:P3|W:Q5|B:C3|W:D3|B:C4|W:D5|B:B6|W:M3|B:O4|W:M5|B:O6|W:Q8|B:R2|W:S2|B:H4|W:H6|B:K3|W:K6|B:F3,R16·D4·D17·R4·D14·P17·Q14·L16·P3·Q5·C3·D3·C4·D5·B6·M3·O4·M5·O6·Q8·R2·S2·H4·H6·K3·K6·F3
27,20,3,0.1,B:Q16|W:D4|B:Q3|W:D16|B:C3|W:D3|B:C4|W:C5|B:B5|W:B6|B:C6|W:D5|B:B7|W:B4|B:A6|W:B3|B:Q6|W:R17|B:R16|W:Q17|B:P16|W:O18|B:K4|W:N17|B:Q11|W:C14|B:N16,Q16·D4·Q3·D16·C3·D3·C4·C5·B5·B6·C6·D5·B7·B4·A6·B3·Q6·R17·R16·Q17·P16·O18·K4·N17·Q11·C14·N16
28,1,9,0.3,B:R16|W:D16|B:Q3|W:D4|B:O16|W:Q5|B:R5|W:R6|B:R4|W:Q6|B:O3|W:Q10|B:C17|W:D17|B:C16|W:C14|B:C15|W:D15|B:B14|W:C18|B:B18|W:B15|B:D18|W:B17|B:C19|W:B16|B:C18|W:B13,R16·D16·Q3·D4·O16·Q5·R5·R6·R4·Q6·O3·Q10·C17·D17·C16·C14·C15·D15·B14·C18·B18·B15·D18·B17·C19·B16·C18·B13
28,2,6,0.2,B:R16|W:D4|B:D17|W:Q4|B:D14|W:P16|B:P17|W:O17|B:Q17|W:O16|B:R14|W:K16|B:C3|W:C4|B:D3|W:F3|B:E3|W:E4|B:F2|W:B3|B:B2|W:E2|B:B4|W:C2|B:A3|W:D2|B:B3|W:G2,R16·D4·D17·Q4·D14·P16·P17·O17·Q17·O16·R14·K16·C3·C4·D3·F3·E3·E4·F2·B3·B2·E2·B4·C2·A3·D2·B3·G2
28,3,5,0.17,B:Q16|W:D4|B:R4|W:D17|B:P4|W:R17|B:Q17|W:R16|B:R14|W:R15|B:Q15|W:S14|B:R18|W:S18|B:S15|W:Q18|B:S17|W:R19|B:S16|W:R18|B:S13|W:Q14|B:R13|W:O17|B:O14|W:M16|B:C15|W:C13,Q16·D4·R4·D17·P4·R17·Q17·R16·R14·R15·Q15·S14·R18·S18·S15·Q18·S17·R19·S16·R18·S13·Q14·R13·O17·O14·M16·C15·C13
28,4,4,0.13,B:R16|W:D16|B:Q4|W:D3|B:C5|W:E4|B:F17|W:C8|B:C14|W:F16|B:G16|W:F15|B:D17|W:C17|B:E17|W:C16|B:C11|W:E12|B:D10|W:E8|B:H17|W:E10|B:B15|W:D14|B:D9|W:D8|B:E9|W:F9,R16·D16·Q4·D3·C5·E4·F17·C8·C14·F16·G16·F15·D17·C17·E17·C16·C11·E12·D10·E8·H17·E10·B15·D14·D9·D8·E9·F9
28,5,4,0.13,B:R16|W:D16|B:Q3|W:D4|B:R6|W:P17|B:Q14|W:Q4|B:P4|W:R3|B:R4|W:Q5|B:R5|W:P3|B:Q2|W:O4|B:P5|W:Q6|B:O3|W:R7|B:S7|W:P6|B:P2|W:S8|B:R8|W:Q7|B:S6|W:R9,R16·D16·Q3·D4·R6·P17·Q14·Q4·P4·R3·R4·Q5·R5·P3·Q2·O4·P5·Q6·O3·R7·S7·P6·P2·S8·R8·Q7·S6·R9
28,6,4,0.13,B:Q16|W:D4|B:Q3|W:D16|B:C3|W:D3|B:C4|W:D5|B:B6|W:R17|B:R16|W:Q17|B:P16|W:O17|B:S17|W:O16|B:F17|W:R5|B:C14|W:P4|B:P3|W:O4|B:N3|W:F16|B:G16|W:F15|B:E17|W:D17,Q16·D4·Q3·D16·C3·D3·C4·D5·B6·R17·R16·Q17·P16·O17·S17·O16·F17·R5·C14·P4·P3·O4·N3·F16·G16·F15·E17·D17
28,7,4,0.13,B:Q16|W:D4|B:Q3|W:D16|B:C3|W:D3|B:C4|W:D5|B:B6|W:R17|B:R16|W:Q17|B:P16|W:O17|B:R6|W:N18|B:N15|W:Q4|B:R4|W:P3|B:Q5|W:P4|B:Q2|W:R3|B:R2|W:L3|B:C7|W:P5,Q16·D4·Q3·D16·C3·D3·C4·D5·B6·R17·R16·Q17·P16·O17·R6·N18·N15·Q4·R4·P3·Q5·P4·Q2·R3·R2·L3·C7·P5
28,8,4,0.13,B:Q16|W:D16|B:Q4|W:D4|B:C3|W:D3|B:C4|W:D5|B:B6|W:R17|B:R16|W:Q17|B:O17|W:O18|B:N18|W:P17|B:O16|W:P16|B:P15|W:Q15|B:S15|W:Q14|B:P14|W:P13|B:O13|W:R13|B:S17|W:P18,Q16·D16·Q4·D4·C3·D3·C4·D5·B6·R17·R16·Q17·O17·O18·N18·P17·O16·P16·P15·Q15·S15·Q14·P14·P13·O13·R13·S17·P18
28,9,4,0.13,B:R16|W:D16|B:Q3|W:D4|B:O16|W:Q5|B:R5|W:R6|B:R4|W:Q6|B:O3|W:Q10|B:C3|W:C4|B:D3|W:F3|B:E3|W:E4|B:F2|W:F17|B:C10|W:C12|B:F4|W:G3|B:G2|W:F5|B:G4|W:H3,R16·D16·Q3·D4·O16·Q5·R5·R6·R4·Q6·O3·Q10·C3·C4·D3·F3·E3·E4·F2·F17·C10·C12·F4·G3·G2·F5·G4·H3
28,10,4,0.13,B:R16|W:D4|B:C16|W:Q4|B:O16|W:E16|B:E17|W:F17|B:D17|W:F16|B:C14|W:M17|B:R3|W:Q3|B:R4|W:R6|B:R5|W:Q5|B:S6|W:R2|B:S2|W:S5|B:Q2|W:S3|B:R1|W:S4|B:R2|W:S7,R16·D4·C16·Q4·O16·E16·E17·F17·D17·F16·C14·M17·R3·Q3·R4·R6·R5·Q5·S6·R2·S2·S5·Q2·S3·R1·S4·R2·S7
28,11,4,0.13,B:R16|W:Q4|B:C16|W:C4|B:K17|W:E16|B:D17|W:D13|B:E15|W:D10|B:P16|W:E4|B:R6|W:O4|B:Q10|W:J3|B:K15|W:Q17|B:R17|W:G15|B:E13|W:E12|B:F13|W:D15|B:D14|W:C14|B:E14|W:D16,R16·Q4·C16·C4·K17·E16·D17·D13·E15·D10·P16·E4·R6·O4·Q10·J3·K15·Q17·R17·G15·E13·E12·F13·D15·D14·C14·E14·D16
28,12,4,0.13,B:R16|W:Q4|B:D17|W:D4|B:D14|W:P17|B:Q14|W:L16|B:R3|W:R4|B:Q3|W:P4|B:P3|W:O3|B:O2|W:N3|B:N2|W:M3|B:C6|W:C12|B:C10|W:R12|B:F4|W:D6|B:D7|W:E6|B:C5|W:E4,R16·Q4·D17·D4·D14·P17·Q14·L16·R3·R4·Q3·P4·P3·O3·O2·N3·N2·M3·C6·C12·C10·R12·F4·D6·D7·E6·C5·E4
28,13,4,0.13,B:Q16|W:D4|B:Q3|W:D16|B:R9|W:O17|B:P17|W:O16|B:Q14|W:K16|B:C3|W:D3|B:C4|W:D5|B:B6|W:R12|B:Q11|W:R17|B:Q17|W:Q4|B:R4|W:P3|B:P4|W:Q5|B:O3|W:P2|B:R3|W:O2,Q16·D4·Q3·D16·R9·O17·P17·O16·Q14·K16·C3·D3·C4·D5·B6·R12·Q11·R17·Q17·Q4·R4·P3·P4·Q5·O3·P2·R3·O2
28,14,4,0.13,B:R16|W:D16|B:Q3|W:D4|B:C17|W:C16|B:D17|W:E16|B:F18|W:R5|B:Q8|W:P17|B:Q15|W:F3|B:C10|W:P4|B:Q4|W:Q5|B:P5|W:O4|B:P6|W:S3|B:P2|W:O2|B:N2|W:N3|B:O1|W:M3,R16·D16·Q3·D4·C17·C16·D17·E16·F18·R5·Q8·P17·Q15·F3·C10·P4·Q4·Q5·P5·O4·P6·S3·P2·O2·N2·N3·O1·M3
28,15,4,0.13,B:R16|W:D4|B:C16|W:R4|B:E17|W:P17|B:Q14|W:P4|B:C3|W:D3|B:C4|W:C6|B:C5|W:D5|B:B6|W:L16|B:C7|W:D6|B:C2|W:R12|B:L3|W:J3|B:N3|W:R17|B:S17|W:R18|B:O16|W:O17,R16·D4·C16·R4·E17·P17·Q14·P4·C3·D3·C4·C6·C5·D5·B6·L16·C7·D6·C2·R12·L3·J3·N3·R17·S17·R18·O16·O17
28,16,4,0.13,B:R16|W:D16|B:Q3|W:D4|B:O16|W:Q5|B:R5|W:R6|B:R4|W:Q6|B:O3|W:Q10|B:C3|W:D3|B:C4|W:C6|B:C5|W:D5|B:B6|W:C2|B:B2|W:B5|B:B4|W:B7|B:A5|W:C7|B:C17|W:C16,R16·D16·Q3·D4·O16·Q5·R5·R6·R4·Q6·O3·Q10·C3·D3·C4·C6·C5·D5·B6·C2·B2·B5·B4·B7·A5·C7·C17·C16
28,17,4,0.13,B:Q16|W:D16|B:R4|W:D4|B:O4|W:R17|B:R16|W:Q17|B:O17|W:P17|B:P16|W:O18|B:F3|W:Q12|B:N17|W:N18|B:M17|W:Q9|B:C6|W:F4|B:G4|W:F5|B:D3|W:G3|B:E3|W:H4|B:C4|W:G5,Q16·D16·R4·D4·O4·R17·R16·Q17·O17·P17·P16·O18·F3·Q12·N17·N18·M17·Q9·C6·F4·G4·F5·D3·G3·E3·H4·C4·G5
28,18,4,0.13,B:Q16|W:D16|B:Q3|W:D4|B:Q5|W:R17|B:R16|W:Q17|B:O17|W:P17|B:P16|W:O18|B:C3|W:C4|B:D3|W:F3|B:E3|W:E4|B:F2|W:G3|B:G2|W:H3|B:C14|W:D10|B:B16|W:C17|B:C12|W:G17,Q16·D16·Q3·D4·Q5·R17·R16·Q17·O17·P17·P16·O18·C3·C4·D3·F3·E3·E4·F2·G3·G2·H3·C14·D10·B16·C17·C12·G17
28,19,4,0.13,B:R16|W:D4|B:D17|W:R4|B:D14|W:P17|B:Q14|W:L16|B:P3|W:Q5|B:C3|W:D3|B:C4|W:D5|B:B6|W:M3|B:O4|W:M5|B:O6|W:Q8|B:R2|W:S2|B:H4|W:H6|B:K3|W:K6|B:F3|W:C6,R16·D4·D17·R4·D14·P17·Q14·L16·P3·Q5·C3·D3·C4·D5·B6·M3·O4·M5·O6·Q8·R2·S2·H4·H6·K3·K6·F3·C6
28,20,3,0.1,B:Q16|W:D4|B:Q3|W:D16|B:C3|W:D3|B:C4|W:C5|B:B5|W:B6|B:C6|W:D5|B:B7|W:B4|B:A6|W:B3|B:Q6|W:R17|B:R16|W:Q17|B:P16|W:O18|B:K4|W:N17|B:Q11|W:C14|B:N16|W:M16,Q16·D4·Q3·D16·C3·D3·C4·C5·B5·B6·C6·D5·B7·B4·A6·B3·Q6·R17·R16·Q17·P16·O18·K4·N17·Q11·C14·N16·M16
29,1,9,0.3,B:R16|W:D16|B:Q3|W:D4|B:O16|W:Q5|B:R5|W:R6|B:R4|W:Q6|B:O3|W:Q10|B:C17|W:D17|B:C16|W:C14|B:C15|W:D15|B:B14|W:C18|B:B18|W:B15|B:D18|W:B17|B:C19|W:B16|B:C18|W:B13|B:D14,R16·D16·Q3·D4·O16·Q5·R5·R6·R4·Q6·O3·Q10·C17·D17·C16·C14·C15·D15·B14·C18·B18·B15·D18·B17·C19·B16·C18·B13·D14
29,2,6,0.2,B:R16|W:D4|B:D17|W:Q4|B:D14|W:P16|B:P17|W:O17|B:Q17|W:O16|B:R14|W:K16|B:C3|W:C4|B:D3|W:F3|B:E3|W:E4|B:F2|W:B3|B:B2|W:E2|B:B4|W:C2|B:A3|W:D2|B:B3|W:G2|B:F4,R16·D4·D17·Q4·D14·P16·P17·O17·Q17·O16·R14·K16·C3·C4·D3·F3·E3·E4·F2·B3·B2·E2·B4·C2·A3·D2·B3·G2·F4
29,3,5,0.17,B:Q16|W:D4|B:R4|W:D17|B:P4|W:R17|B:Q17|W:R16|B:R14|W:R15|B:Q15|W:S14|B:R18|W:S18|B:S15|W:Q18|B:S17|W:R19|B:S16|W:R18|B:S13|W:Q14|B:R13|W:O17|B:O14|W:M16|B:C15|W:C13|B:E16,Q16·D4·R4·D17·P4·R17·Q17·R16·R14·R15·Q15·S14·R18·S18·S15·Q18·S17·R19·S16·R18·S13·Q14·R13·O17·O14·M16·C15·C13·E16
29,4,4,0.13,B:R16|W:D16|B:Q4|W:D3|B:C5|W:E4|B:F17|W:C8|B:C14|W:F16|B:G16|W:F15|B:D17|W:C17|B:E17|W:C16|B:C11|W:E12|B:D10|W:E8|B:H17|W:E10|B:B15|W:D14|B:D9|W:D8|B:E9|W:F9|B:E11,R16·D16·Q4·D3·C5·E4·F17·C8·C14·F16·G16·F15·D17·C17·E17·C16·C11·E12·D10·E8·H17·E10·B15·D14·D9·D8·E9·F9·E11
29,5,4,0.13,B:R16|W:D16|B:Q3|W:D4|B:R6|W:P17|B:Q14|W:Q4|B:P4|W:R3|B:R4|W:Q5|B:R5|W:P3|B:Q2|W:O4|B:P5|W:Q6|B:O3|W:R7|B:S7|W:P6|B:P2|W:S8|B:R8|W:Q7|B:S6|W:R9|B:C17,R16·D16·Q3·D4·R6·P17·Q14·Q4·P4·R3·R4·Q5·R5·P3·Q2·O4·P5·Q6·O3·R7·S7·P6·P2·S8·R8·Q7·S6·R9·C17
29,6,4,0.13,B:Q16|W:D4|B:Q3|W:D16|B:C3|W:D3|B:C4|W:D5|B:B6|W:R17|B:R16|W:Q17|B:P16|W:O17|B:S17|W:O16|B:F17|W:R5|B:C14|W:P4|B:P3|W:O4|B:N3|W:F16|B:G16|W:F15|B:E17|W:D17|B:K17,Q16·D4·Q3·D16·C3·D3·C4·D5·B6·R17·R16·Q17·P16·O17·S17·O16·F17·R5·C14·P4·P3·O4·N3·F16·G16·F15·E17·D17·K17
29,7,4,0.13,B:Q16|W:D4|B:Q3|W:D16|B:C3|W:D3|B:C4|W:D5|B:B6|W:R17|B:R16|W:Q17|B:P16|W:O17|B:R6|W:N18|B:N15|W:Q4|B:R4|W:P3|B:Q5|W:P4|B:Q2|W:R3|B:R2|W:L3|B:C7|W:P5|B:P6,Q16·D4·Q3·D16·C3·D3·C4·D5·B6·R17·R16·Q17·P16·O17·R6·N18·N15·Q4·R4·P3·Q5·P4·Q2·R3·R2·L3·C7·P5·P6
29,8,4,0.13,B:Q16|W:D16|B:Q4|W:D4|B:C3|W:D3|B:C4|W:D5|B:B6|W:R17|B:R16|W:Q17|B:O17|W:O18|B:N18|W:P17|B:O16|W:P16|B:P15|W:Q15|B:S15|W:Q14|B:P14|W:P13|B:O13|W:R13|B:S17|W:P18|B:P12,Q16·D16·Q4·D4·C3·D3·C4·D5·B6·R17·R16·Q17·O17·O18·N18·P17·O16·P16·P15·Q15·S15·Q14·P14·P13·O13·R13·S17·P18·P12
29,9,4,0.13,B:R16|W:D16|B:Q3|W:D4|B:O16|W:Q5|B:R5|W:R6|B:R4|W:Q6|B:O3|W:Q10|B:C3|W:C4|B:D3|W:F3|B:E3|W:E4|B:F2|W:F17|B:C10|W:C12|B:F4|W:G3|B:G2|W:F5|B:G4|W:H3|B:H4,R16·D16·Q3·D4·O16·Q5·R5·R6·R4·Q6·O3·Q10·C3·C4·D3·F3·E3·E4·F2·F17·C10·C12·F4·G3·G2·F5·G4·H3·H4
29,10,4,0.13,B:R16|W:D4|B:C16|W:Q4|B:O16|W:E16|B:E17|W:F17|B:D17|W:F16|B:C14|W:M17|B:R3|W:Q3|B:R4|W:R6|B:R5|W:Q5|B:S6|W:R2|B:S2|W:S5|B:Q2|W:S3|B:R1|W:S4|B:R2|W:S7|B:Q6,R16·D4·C16·Q4·O16·E16·E17·F17·D17·F16·C14·M17·R3·Q3·R4·R6·R5·Q5·S6·R2·S2·S5·Q2·S3·R1·S4·R2·S7·Q6
29,11,4,0.13,B:R16|W:Q4|B:C16|W:C4|B:K17|W:E16|B:D17|W:D13|B:E15|W:D10|B:P16|W:E4|B:R6|W:O4|B:Q10|W:J3|B:K15|W:Q17|B:R17|W:G15|B:E13|W:E12|B:F13|W:D15|B:D14|W:C14|B:E14|W:D16|B:C15,R16·Q4·C16·C4·K17·E16·D17·D13·E15·D10·P16·E4·R6·O4·Q10·J3·K15·Q17·R17·G15·E13·E12·F13·D15·D14·C14·E14·D16·C15
29,12,4,0.13,B:R16|W:Q4|B:D17|W:D4|B:D14|W:P17|B:Q14|W:L16|B:R3|W:R4|B:Q3|W:P4|B:P3|W:O3|B:O2|W:N3|B:N2|W:M3|B:C6|W:C12|B:C10|W:R12|B:F4|W:D6|B:D7|W:E6|B:C5|W:E4|B:B3,R16·Q4·D17·D4·D14·P17·Q14·L16·R3·R4·Q3·P4·P3·O3·O2·N3·N2·M3·C6·C12·C10·R12·F4·D6·D7·E6·C5·E4·B3
29,13,4,0.13,B:Q16|W:D4|B:Q3|W:D16|B:R9|W:O17|B:P17|W:O16|B:Q14|W:K16|B:C3|W:D3|B:C4|W:D5|B:B6|W:R12|B:Q11|W:R17|B:Q17|W:Q4|B:R4|W:P3|B:P4|W:Q5|B:O3|W:P2|B:R3|W:O2|B:P5,Q16·D4·Q3·D16·R9·O17·P17·O16·Q14·K16·C3·D3·C4·D5·B6·R12·Q11·R17·Q17·Q4·R4·P3·P4·Q5·O3·P2·R3·O2·P5
29,14,4,0.13,B:R16|W:D16|B:Q3|W:D4|B:C17|W:C16|B:D17|W:E16|B:F18|W:R5|B:Q8|W:P17|B:Q15|W:F3|B:C10|W:P4|B:Q4|W:Q5|B:P5|W:O4|B:P6|W:S3|B:P2|W:O2|B:N2|W:N3|B:O1|W:M3|B:S4,R16·D16·Q3·D4·C17·C16·D17·E16·F18·R5·Q8·P17·Q15·F3·C10·P4·Q4·Q5·P5·O4·P6·S3·P2·O2·N2·N3·O1·M3·S4
29,15,4,0.13,B:R16|W:D4|B:C16|W:R4|B:E17|W:P17|B:Q14|W:P4|B:C3|W:D3|B:C4|W:C6|B:C5|W:D5|B:B6|W:L16|B:C7|W:D6|B:C2|W:R12|B:L3|W:J3|B:N3|W:R17|B:S17|W:R18|B:O16|W:O17|B:N16,R16·D4·C16·R4·E17·P17·Q14·P4·C3·D3·C4·C6·C5·D5·B6·L16·C7·D6·C2·R12·L3·J3·N3·R17·S17·R18·O16·O17·N16
29,16,4,0.13,B:R16|W:D16|B:Q3|W:D4|B:O16|W:Q5|B:R5|W:R6|B:R4|W:Q6|B:O3|W:Q10|B:C3|W:D3|B:C4|W:C6|B:C5|W:D5|B:B6|W:C2|B:B2|W:B5|B:B4|W:B7|B:A5|W:C7|B:C17|W:C16|B:D17,R16·D16·Q3·D4·O16·Q5·R5·R6·R4·Q6·O3·Q10·C3·D3·C4·C6·C5·D5·B6·C2·B2·B5·B4·B7·A5·C7·C17·C16·D17
29,17,4,0.13,B:Q16|W:D16|B:R4|W:D4|B:O4|W:R17|B:R16|W:Q17|B:O17|W:P17|B:P16|W:O18|B:F3|W:Q12|B:N17|W:N18|B:M17|W:Q9|B:C6|W:F4|B:G4|W:F5|B:D3|W:G3|B:E3|W:H4|B:C4|W:G5|B:C14,Q16·D16·R4·D4·O4·R17·R16·Q17·O17·P17·P16·O18·F3·Q12·N17·N18·M17·Q9·C6·F4·G4·F5·D3·G3·E3·H4·C4·G5·C14
29,18,4,0.13,B:Q16|W:D16|B:Q3|W:D4|B:Q5|W:R17|B:R16|W:Q17|B:O17|W:P17|B:P16|W:O18|B:C3|W:C4|B:D3|W:F3|B:E3|W:E4|B:F2|W:G3|B:G2|W:H3|B:C14|W:D10|B:B16|W:C17|B:C12|W:G17|B:G16,Q16·D16·Q3·D4·Q5·R17·R16·Q17·O17·P17·P16·O18·C3·C4·D3·F3·E3·E4·F2·G3·G2·H3·C14·D10·B16·C17·C12·G17·G16
29,19,4,0.13,B:R16|W:D4|B:D17|W:R4|B:D14|W:P17|B:Q14|W:L16|B:P3|W:Q5|B:C3|W:D3|B:C4|W:D5|B:B6|W:M3|B:O4|W:M5|B:O6|W:Q8|B:R2|W:S2|B:H4|W:H6|B:K3|W:K6|B:F3|W:C6|B:C5,R16·D4·D17·R4·D14·P17·Q14·L16·P3·Q5·C3·D3·C4·D5·B6·M3·O4·M5·O6·Q8·R2·S2·H4·H6·K3·K6·F3·C6·C5
29,20,3,0.1,B:Q16|W:D4|B:Q3|W:D16|B:C3|W:D3|B:C4|W:C5|B:B5|W:B6|B:C6|W:D5|B:B7|W:B4|B:A6|W:B3|B:Q6|W:R17|B:R16|W:Q17|B:P16|W:O18|B:K4|W:N17|B:Q11|W:C14|B:N16|W:M16|B:M15,Q16·D4·Q3·D16·C3·D3·C4·C5·B5·B6·C6·D5·B7·B4·A6·B3·Q6·R17·R16·Q17·P16·O18·K4·N17·Q11·C14·N16·M16·M15
30,1,9,0.3,B:R16|W:D16|B:Q3|W:D4|B:O16|W:Q5|B:R5|W:R6|B:R4|W:Q6|B:O3|W:Q10|B:C17|W:D17|B:C16|W:C14|B:C15|W:D15|B:B14|W:C18|B:B18|W:B15|B:D18|W:B17|B:C19|W:B16|B:C18|W:B13|B:D14|W:C13,R16·D16·Q3·D4·O16·Q5·R5·R6·R4·Q6·O3·Q10·C17·D17·C16·C14·C15·D15·B14·C18·B18·B15·D18·B17·C19·B16·C18·B13·D14·C13
30,2,6,0.2,B:R16|W:D4|B:D17|W:Q4|B:D14|W:P16|B:P17|W:O17|B:Q17|W:O16|B:R14|W:K16|B:C3|W:C4|B:D3|W:F3|B:E3|W:E4|B:F2|W:B3|B:B2|W:E2|B:B4|W:C2|B:A3|W:D2|B:B3|W:G2|B:F4|W:G3,R16·D4·D17·Q4·D14·P16·P17·O17·Q17·O16·R14·K16·C3·C4·D3·F3·E3·E4·F2·B3·B2·E2·B4·C2·A3·D2·B3·G2·F4·G3
30,3,5,0.17,B:Q16|W:D4|B:R4|W:D17|B:P4|W:R17|B:Q17|W:R16|B:R14|W:R15|B:Q15|W:S14|B:R18|W:S18|B:S15|W:Q18|B:S17|W:R19|B:S16|W:R18|B:S13|W:Q14|B:R13|W:O17|B:O14|W:M16|B:C15|W:C13|B:E16|W:D16,Q16·D4·R4·D17·P4·R17·Q17·R16·R14·R15·Q15·S14·R18·S18·S15·Q18·S17·R19·S16·R18·S13·Q14·R13·O17·O14·M16·C15·C13·E16·D16
30,4,4,0.13,B:R16|W:D16|B:Q4|W:D3|B:C5|W:E4|B:F17|W:C8|B:C14|W:F16|B:G16|W:F15|B:D17|W:C17|B:E17|W:C16|B:C11|W:E12|B:D10|W:E8|B:H17|W:E10|B:B15|W:D14|B:D9|W:D8|B:E9|W:F9|B:E11|W:F11,R16·D16·Q4·D3·C5·E4·F17·C8·C14·F16·G16·F15·D17·C17·E17·C16·C11·E12·D10·E8·H17·E10·B15·D14·D9·D8·E9·F9·E11·F11
30,5,4,0.13,B:R16|W:D16|B:Q3|W:D4|B:R6|W:P17|B:Q14|W:Q4|B:P4|W:R3|B:R4|W:Q5|B:R5|W:P3|B:Q2|W:O4|B:P5|W:Q6|B:O3|W:R7|B:S7|W:P6|B:P2|W:S8|B:R8|W:Q7|B:S6|W:R9|B:C17|W:D17,R16·D16·Q3·D4·R6·P17·Q14·Q4·P4·R3·R4·Q5·R5·P3·Q2·O4·P5·Q6·O3·R7·S7·P6·P2·S8·R8·Q7·S6·R9·C17·D17
30,6,4,0.13,B:Q16|W:D4|B:Q3|W:D16|B:C3|W:D3|B:C4|W:D5|B:B6|W:R17|B:R16|W:Q17|B:P16|W:O17|B:S17|W:O16|B:F17|W:R5|B:C14|W:P4|B:P3|W:O4|B:N3|W:F16|B:G16|W:F15|B:E17|W:D17|B:K17|W:O14,Q16·D4·Q3·D16·C3·D3·C4·D5·B6·R17·R16·Q17·P16·O17·S17·O16·F17·R5·C14·P4·P3·O4·N3·F16·G16·F15·E17·D17·K17·O14
30,7,4,0.13,B:Q16|W:D4|B:Q3|W:D16|B:C3|W:D3|B:C4|W:D5|B:B6|W:R17|B:R16|W:Q17|B:P16|W:O17|B:R6|W:N18|B:N15|W:Q4|B:R4|W:P3|B:Q5|W:P4|B:Q2|W:R3|B:R2|W:L3|B:C7|W:P5|B:P6|W:O6,Q16·D4·Q3·D16·C3·D3·C4·D5·B6·R17·R16·Q17·P16·O17·R6·N18·N15·Q4·R4·P3·Q5·P4·Q2·R3·R2·L3·C7·P5·P6·O6
30,8,4,0.13,B:Q16|W:D16|B:Q4|W:D4|B:C3|W:D3|B:C4|W:D5|B:B6|W:R17|B:R16|W:Q17|B:O17|W:O18|B:N18|W:P17|B:O16|W:P16|B:P15|W:Q15|B:S15|W:Q14|B:P14|W:P13|B:O13|W:R13|B:S17|W:P18|B:P12|W:Q13,Q16·D16·Q4·D4·C3·D3·C4·D5·B6·R17·R16·Q17·O17·O18·N18·P17·O16·P16·P15·Q15·S15·Q14·P14·P13·O13·R13·S17·P18·P12·Q13
30,9,4,0.13,B:R16|W:D16|B:Q3|W:D4|B:O16|W:Q5|B:R5|W:R6|B:R4|W:Q6|B:O3|W:Q10|B:C3|W:C4|B:D3|W:F3|B:E3|W:E4|B:F2|W:F17|B:C10|W:C12|B:F4|W:G3|B:G2|W:F5|B:G4|W:H3|B:H4|W:J3,R16·D16·Q3·D4·O16·Q5·R5·R6·R4·Q6·O3·Q10·C3·C4·D3·F3·E3·E4·F2·F17·C10·C12·F4·G3·G2·F5·G4·H3·H4·J3
30,10,4,0.13,B:R16|W:D4|B:C16|W:Q4|B:O16|W:E16|B:E17|W:F17|B:D17|W:F16|B:C14|W:M17|B:R3|W:Q3|B:R4|W:R6|B:R5|W:Q5|B:S6|W:R2|B:S2|W:S5|B:Q2|W:S3|B:R1|W:S4|B:R2|W:S7|B:Q6|W:R7,R16·D4·C16·Q4·O16·E16·E17·F17·D17·F16·C14·M17·R3·Q3·R4·R6·R5·Q5·S6·R2·S2·S5·Q2·S3·R1·S4·R2·S7·Q6·R7
30,11,4,0.13,B:R16|W:Q4|B:C16|W:C4|B:K17|W:E16|B:D17|W:D13|B:E15|W:D10|B:P16|W:E4|B:R6|W:O4|B:Q10|W:J3|B:K15|W:Q17|B:R17|W:G15|B:E13|W:E12|B:F13|W:D15|B:D14|W:C14|B:E14|W:D16|B:C15|W:C17,R16·Q4·C16·C4·K17·E16·D17·D13·E15·D10·P16·E4·R6·O4·Q10·J3·K15·Q17·R17·G15·E13·E12·F13·D15·D14·C14·E14·D16·C15·C17
30,12,4,0.13,B:R16|W:Q4|B:D17|W:D4|B:D14|W:P17|B:Q14|W:L16|B:R3|W:R4|B:Q3|W:P4|B:P3|W:O3|B:O2|W:N3|B:N2|W:M3|B:C6|W:C12|B:C10|W:R12|B:F4|W:D6|B:D7|W:E6|B:C5|W:E4|B:B3|W:F3,R16·Q4·D17·D4·D14·P17·Q14·L16·R3·R4·Q3·P4·P3·O3·O2·N3·N2·M3·C6·C12·C10·R12·F4·D6·D7·E6·C5·E4·B3·F3
30,13,4,0.13,B:Q16|W:D4|B:Q3|W:D16|B:R9|W:O17|B:P17|W:O16|B:Q14|W:K16|B:C3|W:D3|B:C4|W:D5|B:B6|W:R12|B:Q11|W:R17|B:Q17|W:Q4|B:R4|W:P3|B:P4|W:Q5|B:O3|W:P2|B:R3|W:O2|B:P5|W:R5,Q16·D4·Q3·D16·R9·O17·P17·O16·Q14·K16·C3·D3·C4·D5·B6·R12·Q11·R17·Q17·Q4·R4·P3·P4·Q5·O3·P2·R3·O2·P5·R5
30,14,4,0.13,B:R16|W:D16|B:Q3|W:D4|B:C17|W:C16|B:D17|W:E16|B:F18|W:R5|B:Q8|W:P17|B:Q15|W:F3|B:C10|W:P4|B:Q4|W:Q5|B:P5|W:O4|B:P6|W:S3|B:P2|W:O2|B:N2|W:N3|B:O1|W:M3|B:S4|W:R4,R16·D16·Q3·D4·C17·C16·D17·E16·F18·R5·Q8·P17·Q15·F3·C10·P4·Q4·Q5·P5·O4·P6·S3·P2·O2·N2·N3·O1·M3·S4·R4
30,15,4,0.13,B:R16|W:D4|B:C16|W:R4|B:E17|W:P17|B:Q14|W:P4|B:C3|W:D3|B:C4|W:C6|B:C5|W:D5|B:B6|W:L16|B:C7|W:D6|B:C2|W:R12|B:L3|W:J3|B:N3|W:R17|B:S17|W:R18|B:O16|W:O17|B:N16|W:N17,R16·D4·C16·R4·E17·P17·Q14·P4·C3·D3·C4·C6·C5·D5·B6·L16·C7·D6·C2·R12·L3·J3·N3·R17·S17·R18·O16·O17·N16·N17
30,16,4,0.13,B:R16|W:D16|B:Q3|W:D4|B:O16|W:Q5|B:R5|W:R6|B:R4|W:Q6|B:O3|W:Q10|B:C3|W:D3|B:C4|W:C6|B:C5|W:D5|B:B6|W:C2|B:B2|W:B5|B:B4|W:B7|B:A5|W:C7|B:C17|W:C16|B:D17|W:F17,R16·D16·Q3·D4·O16·Q5·R5·R6·R4·Q6·O3·Q10·C3·D3·C4·C6·C5·D5·B6·C2·B2·B5·B4·B7·A5·C7·C17·C16·D17·F17
30,17,4,0.13,B:Q16|W:D16|B:R4|W:D4|B:O4|W:R17|B:R16|W:Q17|B:O17|W:P17|B:P16|W:O18|B:F3|W:Q12|B:N17|W:N18|B:M17|W:Q9|B:C6|W:F4|B:G4|W:F5|B:D3|W:G3|B:E3|W:H4|B:C4|W:G5|B:C14|W:C15,Q16·D16·R4·D4·O4·R17·R16·Q17·O17·P17·P16·O18·F3·Q12·N17·N18·M17·Q9·C6·F4·G4·F5·D3·G3·E3·H4·C4·G5·C14·C15
30,18,4,0.13,B:Q16|W:D16|B:Q3|W:D4|B:Q5|W:R17|B:R16|W:Q17|B:O17|W:P17|B:P16|W:O18|B:C3|W:C4|B:D3|W:F3|B:E3|W:E4|B:F2|W:G3|B:G2|W:H3|B:C14|W:D10|B:B16|W:C17|B:C12|W:G17|B:G16|W:D13,Q16·D16·Q3·D4·Q5·R17·R16·Q17·O17·P17·P16·O18·C3·C4·D3·F3·E3·E4·F2·G3·G2·H3·C14·D10·B16·C17·C12·G17·G16·D13
30,19,4,0.13,B:R16|W:D4|B:D17|W:R4|B:D14|W:P17|B:Q14|W:L16|B:P3|W:Q5|B:C3|W:D3|B:C4|W:D5|B:B6|W:M3|B:O4|W:M5|B:O6|W:Q8|B:R2|W:S2|B:H4|W:H6|B:K3|W:K6|B:F3|W:C6|B:C5|W:C2,R16·D4·D17·R4·D14·P17·Q14·L16·P3·Q5·C3·D3·C4·D5·B6·M3·O4·M5·O6·Q8·R2·S2·H4·H6·K3·K6·F3·C6·C5·C2
30,20,3,0.1,B:Q16|W:D4|B:Q3|W:D16|B:C3|W:D3|B:C4|W:C5|B:B5|W:B6|B:C6|W:D5|B:B7|W:B4|B:A6|W:B3|B:Q6|W:R17|B:R16|W:Q17|B:P16|W:O18|B:K4|W:N17|B:Q11|W:C14|B:N16|W:M16|B:M15|W:L15,Q16·D4·Q3·D16·C3·D3·C4·C5·B5·B6·C6·D5·B7·B4·A6·B3·Q6·R17·R16·Q17·P16·O18·K4·N17·Q11·C14·N16·M16·M15·L15
